threshold,accuracy,precision,recall,f1,specificity,false_positive_rate,false_negative_rate,true_negative,false_positive,false_negative,true_positive
0.001,0.88,0.8257142857142857,0.9633333333333334,0.8892307692307693,0.7966666666666666,0.20333333333333334,0.03666666666666667,239,61,11,289
0.002,0.9266666666666666,0.9,0.96,0.9290322580645162,0.8933333333333333,0.10666666666666667,0.04,268,32,12,288
0.003,0.9383333333333334,0.9255663430420712,0.9533333333333334,0.9392446633825944,0.9233333333333333,0.07666666666666666,0.04666666666666667,277,23,14,286
0.004,0.935,0.9278688524590164,0.9433333333333334,0.9355371900826446,0.9266666666666666,0.07333333333333333,0.056666666666666664,278,22,17,283
0.005,0.9333333333333333,0.9304635761589404,0.9366666666666666,0.9335548172757475,0.93,0.07,0.06333333333333334,279,21,19,281
0.006,0.9333333333333333,0.9391891891891891,0.9266666666666666,0.9328859060402684,0.94,0.06,0.07333333333333333,282,18,22,278
0.007,0.9316666666666666,0.9419795221843004,0.92,0.9308600337268128,0.9433333333333334,0.056666666666666664,0.08,283,17,24,276
0.008,0.9266666666666666,0.9413793103448276,0.91,0.9254237288135593,0.9433333333333334,0.056666666666666664,0.09,283,17,27,273
0.009000000000000001,0.9316666666666666,0.9512195121951219,0.91,0.9301533219761499,0.9533333333333334,0.04666666666666667,0.09,286,14,27,273
0.010000000000000002,0.93,0.9574468085106383,0.9,0.9278350515463918,0.96,0.04,0.1,288,12,30,270
0.011,0.9233333333333333,0.9568345323741008,0.8866666666666667,0.9204152249134948,0.96,0.04,0.11333333333333333,288,12,34,266
0.012,0.9283333333333333,0.9672727272727273,0.8866666666666667,0.9252173913043479,0.97,0.03,0.11333333333333333,291,9,34,266
0.013000000000000001,0.9316666666666666,0.977859778597786,0.8833333333333333,0.9281961471103327,0.98,0.02,0.11666666666666667,294,6,35,265
0.014000000000000002,0.9333333333333333,0.9814814814814815,0.8833333333333333,0.9298245614035088,0.9833333333333333,0.016666666666666666,0.11666666666666667,295,5,35,265
0.015,0.9333333333333333,0.9814814814814815,0.8833333333333333,0.9298245614035088,0.9833333333333333,0.016666666666666666,0.11666666666666667,295,5,35,265
0.016,0.9333333333333333,0.9850746268656716,0.88,0.9295774647887324,0.9866666666666667,0.013333333333333334,0.12,296,4,36,264
0.017,0.93,0.9849624060150376,0.8733333333333333,0.9257950530035336,0.9866666666666667,0.013333333333333334,0.12666666666666668,296,4,38,262
0.018000000000000002,0.9283333333333333,0.9849056603773585,0.87,0.9238938053097345,0.9866666666666667,0.013333333333333334,0.13,296,4,39,261
0.019000000000000003,0.9266666666666666,0.9848484848484849,0.8666666666666667,0.9219858156028369,0.9866666666666667,0.013333333333333334,0.13333333333333333,296,4,40,260
0.02,0.9266666666666666,0.9848484848484849,0.8666666666666667,0.9219858156028369,0.9866666666666667,0.013333333333333334,0.13333333333333333,296,4,40,260
0.021,0.9233333333333333,0.9847328244274809,0.86,0.9181494661921709,0.9866666666666667,0.013333333333333334,0.14,296,4,42,258
0.022000000000000002,0.9216666666666666,0.9922178988326849,0.85,0.9156193895870736,0.9933333333333333,0.006666666666666667,0.15,298,2,45,255
0.023,0.9216666666666666,0.9922178988326849,0.85,0.9156193895870736,0.9933333333333333,0.006666666666666667,0.15,298,2,45,255
0.024,0.9216666666666666,0.9922178988326849,0.85,0.9156193895870736,0.9933333333333333,0.006666666666666667,0.15,298,2,45,255
0.025,0.9216666666666666,0.9922178988326849,0.85,0.9156193895870736,0.9933333333333333,0.006666666666666667,0.15,298,2,45,255
0.026000000000000002,0.9183333333333333,0.9921568627450981,0.8433333333333334,0.9117117117117117,0.9933333333333333,0.006666666666666667,0.15666666666666668,298,2,47,253
0.027000000000000003,0.9183333333333333,0.9921568627450981,0.8433333333333334,0.9117117117117117,0.9933333333333333,0.006666666666666667,0.15666666666666668,298,2,47,253
0.028,0.9166666666666666,0.9921259842519685,0.84,0.9097472924187726,0.9933333333333333,0.006666666666666667,0.16,298,2,48,252
0.029,0.9166666666666666,0.9921259842519685,0.84,0.9097472924187726,0.9933333333333333,0.006666666666666667,0.16,298,2,48,252
0.030000000000000002,0.9183333333333333,0.9960474308300395,0.84,0.9113924050632911,0.9966666666666667,0.0033333333333333335,0.16,299,1,48,252
0.031,0.9166666666666666,0.996031746031746,0.8366666666666667,0.9094202898550725,0.9966666666666667,0.0033333333333333335,0.16333333333333333,299,1,49,251
0.032,0.915,0.9960159362549801,0.8333333333333334,0.9074410163339383,0.9966666666666667,0.0033333333333333335,0.16666666666666666,299,1,50,250
0.033,0.9133333333333333,0.996,0.83,0.9054545454545454,0.9966666666666667,0.0033333333333333335,0.17,299,1,51,249
0.034,0.9133333333333333,0.996,0.83,0.9054545454545454,0.9966666666666667,0.0033333333333333335,0.17,299,1,51,249
0.035,0.9133333333333333,0.996,0.83,0.9054545454545454,0.9966666666666667,0.0033333333333333335,0.17,299,1,51,249
0.036000000000000004,0.9133333333333333,0.996,0.83,0.9054545454545454,0.9966666666666667,0.0033333333333333335,0.17,299,1,51,249
0.037000000000000005,0.9116666666666666,0.9959839357429718,0.8266666666666667,0.9034608378870674,0.9966666666666667,0.0033333333333333335,0.17333333333333334,299,1,52,248
0.038,0.91,0.9959677419354839,0.8233333333333334,0.9014598540145985,0.9966666666666667,0.0033333333333333335,0.17666666666666667,299,1,53,247
0.039,0.91,0.9959677419354839,0.8233333333333334,0.9014598540145985,0.9966666666666667,0.0033333333333333335,0.17666666666666667,299,1,53,247
0.04,0.9083333333333333,0.9959514170040485,0.82,0.8994515539305301,0.9966666666666667,0.0033333333333333335,0.18,299,1,54,246
0.041,0.9083333333333333,0.9959514170040485,0.82,0.8994515539305301,0.9966666666666667,0.0033333333333333335,0.18,299,1,54,246
0.042,0.9083333333333333,0.9959514170040485,0.82,0.8994515539305301,0.9966666666666667,0.0033333333333333335,0.18,299,1,54,246
0.043000000000000003,0.9083333333333333,0.9959514170040485,0.82,0.8994515539305301,0.9966666666666667,0.0033333333333333335,0.18,299,1,54,246
0.044000000000000004,0.9066666666666666,0.9959349593495935,0.8166666666666667,0.8974358974358975,0.9966666666666667,0.0033333333333333335,0.18333333333333332,299,1,55,245
0.045,0.9066666666666666,0.9959349593495935,0.8166666666666667,0.8974358974358975,0.9966666666666667,0.0033333333333333335,0.18333333333333332,299,1,55,245
0.046,0.905,0.9959183673469387,0.8133333333333334,0.8954128440366973,0.9966666666666667,0.0033333333333333335,0.18666666666666668,299,1,56,244
0.047,0.905,0.9959183673469387,0.8133333333333334,0.8954128440366973,0.9966666666666667,0.0033333333333333335,0.18666666666666668,299,1,56,244
0.048,0.905,0.9959183673469387,0.8133333333333334,0.8954128440366973,0.9966666666666667,0.0033333333333333335,0.18666666666666668,299,1,56,244
0.049,0.905,0.9959183673469387,0.8133333333333334,0.8954128440366973,0.9966666666666667,0.0033333333333333335,0.18666666666666668,299,1,56,244
0.05,0.905,0.9959183673469387,0.8133333333333334,0.8954128440366973,0.9966666666666667,0.0033333333333333335,0.18666666666666668,299,1,56,244
0.051000000000000004,0.905,0.9959183673469387,0.8133333333333334,0.8954128440366973,0.9966666666666667,0.0033333333333333335,0.18666666666666668,299,1,56,244
0.052000000000000005,0.905,0.9959183673469387,0.8133333333333334,0.8954128440366973,0.9966666666666667,0.0033333333333333335,0.18666666666666668,299,1,56,244
0.053000000000000005,0.905,0.9959183673469387,0.8133333333333334,0.8954128440366973,0.9966666666666667,0.0033333333333333335,0.18666666666666668,299,1,56,244
0.054,0.905,0.9959183673469387,0.8133333333333334,0.8954128440366973,0.9966666666666667,0.0033333333333333335,0.18666666666666668,299,1,56,244
0.055,0.905,0.9959183673469387,0.8133333333333334,0.8954128440366973,0.9966666666666667,0.0033333333333333335,0.18666666666666668,299,1,56,244
0.056,0.905,0.9959183673469387,0.8133333333333334,0.8954128440366973,0.9966666666666667,0.0033333333333333335,0.18666666666666668,299,1,56,244
0.057,0.905,0.9959183673469387,0.8133333333333334,0.8954128440366973,0.9966666666666667,0.0033333333333333335,0.18666666666666668,299,1,56,244
0.058,0.905,0.9959183673469387,0.8133333333333334,0.8954128440366973,0.9966666666666667,0.0033333333333333335,0.18666666666666668,299,1,56,244
0.059000000000000004,0.905,0.9959183673469387,0.8133333333333334,0.8954128440366973,0.9966666666666667,0.0033333333333333335,0.18666666666666668,299,1,56,244
0.060000000000000005,0.905,0.9959183673469387,0.8133333333333334,0.8954128440366973,0.9966666666666667,0.0033333333333333335,0.18666666666666668,299,1,56,244
0.061,0.905,0.9959183673469387,0.8133333333333334,0.8954128440366973,0.9966666666666667,0.0033333333333333335,0.18666666666666668,299,1,56,244
0.062,0.905,0.9959183673469387,0.8133333333333334,0.8954128440366973,0.9966666666666667,0.0033333333333333335,0.18666666666666668,299,1,56,244
0.063,0.905,0.9959183673469387,0.8133333333333334,0.8954128440366973,0.9966666666666667,0.0033333333333333335,0.18666666666666668,299,1,56,244
0.064,0.905,0.9959183673469387,0.8133333333333334,0.8954128440366973,0.9966666666666667,0.0033333333333333335,0.18666666666666668,299,1,56,244
0.065,0.905,0.9959183673469387,0.8133333333333334,0.8954128440366973,0.9966666666666667,0.0033333333333333335,0.18666666666666668,299,1,56,244
0.066,0.905,0.9959183673469387,0.8133333333333334,0.8954128440366973,0.9966666666666667,0.0033333333333333335,0.18666666666666668,299,1,56,244
0.067,0.905,0.9959183673469387,0.8133333333333334,0.8954128440366973,0.9966666666666667,0.0033333333333333335,0.18666666666666668,299,1,56,244
0.068,0.905,0.9959183673469387,0.8133333333333334,0.8954128440366973,0.9966666666666667,0.0033333333333333335,0.18666666666666668,299,1,56,244
0.069,0.9033333333333333,0.9959016393442623,0.81,0.8933823529411765,0.9966666666666667,0.0033333333333333335,0.19,299,1,57,243
0.07,0.9033333333333333,0.9959016393442623,0.81,0.8933823529411765,0.9966666666666667,0.0033333333333333335,0.19,299,1,57,243
0.07100000000000001,0.9033333333333333,0.9959016393442623,0.81,0.8933823529411765,0.9966666666666667,0.0033333333333333335,0.19,299,1,57,243
0.07200000000000001,0.9033333333333333,0.9959016393442623,0.81,0.8933823529411765,0.9966666666666667,0.0033333333333333335,0.19,299,1,57,243
0.07300000000000001,0.9033333333333333,0.9959016393442623,0.81,0.8933823529411765,0.9966666666666667,0.0033333333333333335,0.19,299,1,57,243
0.074,0.9033333333333333,0.9959016393442623,0.81,0.8933823529411765,0.9966666666666667,0.0033333333333333335,0.19,299,1,57,243
0.075,0.9033333333333333,0.9959016393442623,0.81,0.8933823529411765,0.9966666666666667,0.0033333333333333335,0.19,299,1,57,243
0.076,0.9033333333333333,0.9959016393442623,0.81,0.8933823529411765,0.9966666666666667,0.0033333333333333335,0.19,299,1,57,243
0.077,0.9016666666666666,0.9958847736625515,0.8066666666666666,0.8913443830570903,0.9966666666666667,0.0033333333333333335,0.19333333333333333,299,1,58,242
0.078,0.9016666666666666,0.9958847736625515,0.8066666666666666,0.8913443830570903,0.9966666666666667,0.0033333333333333335,0.19333333333333333,299,1,58,242
0.079,0.9,0.9958677685950413,0.8033333333333333,0.8892988929889298,0.9966666666666667,0.0033333333333333335,0.19666666666666666,299,1,59,241
0.08,0.9,0.9958677685950413,0.8033333333333333,0.8892988929889298,0.9966666666666667,0.0033333333333333335,0.19666666666666666,299,1,59,241
0.081,0.9,0.9958677685950413,0.8033333333333333,0.8892988929889298,0.9966666666666667,0.0033333333333333335,0.19666666666666666,299,1,59,241
0.082,0.9,0.9958677685950413,0.8033333333333333,0.8892988929889298,0.9966666666666667,0.0033333333333333335,0.19666666666666666,299,1,59,241
0.083,0.9,0.9958677685950413,0.8033333333333333,0.8892988929889298,0.9966666666666667,0.0033333333333333335,0.19666666666666666,299,1,59,241
0.084,0.9,0.9958677685950413,0.8033333333333333,0.8892988929889298,0.9966666666666667,0.0033333333333333335,0.19666666666666666,299,1,59,241
0.085,0.9,0.9958677685950413,0.8033333333333333,0.8892988929889298,0.9966666666666667,0.0033333333333333335,0.19666666666666666,299,1,59,241
0.08600000000000001,0.9,0.9958677685950413,0.8033333333333333,0.8892988929889298,0.9966666666666667,0.0033333333333333335,0.19666666666666666,299,1,59,241
0.08700000000000001,0.9,0.9958677685950413,0.8033333333333333,0.8892988929889298,0.9966666666666667,0.0033333333333333335,0.19666666666666666,299,1,59,241
0.08800000000000001,0.9,0.9958677685950413,0.8033333333333333,0.8892988929889298,0.9966666666666667,0.0033333333333333335,0.19666666666666666,299,1,59,241
0.089,0.9,0.9958677685950413,0.8033333333333333,0.8892988929889298,0.9966666666666667,0.0033333333333333335,0.19666666666666666,299,1,59,241
0.09,0.9,0.9958677685950413,0.8033333333333333,0.8892988929889298,0.9966666666666667,0.0033333333333333335,0.19666666666666666,299,1,59,241
0.091,0.9,0.9958677685950413,0.8033333333333333,0.8892988929889298,0.9966666666666667,0.0033333333333333335,0.19666666666666666,299,1,59,241
0.092,0.9,0.9958677685950413,0.8033333333333333,0.8892988929889298,0.9966666666666667,0.0033333333333333335,0.19666666666666666,299,1,59,241
0.093,0.9,0.9958677685950413,0.8033333333333333,0.8892988929889298,0.9966666666666667,0.0033333333333333335,0.19666666666666666,299,1,59,241
0.094,0.9,0.9958677685950413,0.8033333333333333,0.8892988929889298,0.9966666666666667,0.0033333333333333335,0.19666666666666666,299,1,59,241
0.095,0.8983333333333333,0.995850622406639,0.8,0.8872458410351202,0.9966666666666667,0.0033333333333333335,0.2,299,1,60,240
0.096,0.8983333333333333,0.995850622406639,0.8,0.8872458410351202,0.9966666666666667,0.0033333333333333335,0.2,299,1,60,240
0.097,0.8966666666666666,0.9958333333333333,0.7966666666666666,0.8851851851851852,0.9966666666666667,0.0033333333333333335,0.20333333333333334,299,1,61,239
0.098,0.8966666666666666,0.9958333333333333,0.7966666666666666,0.8851851851851852,0.9966666666666667,0.0033333333333333335,0.20333333333333334,299,1,61,239
0.099,0.8966666666666666,0.9958333333333333,0.7966666666666666,0.8851851851851852,0.9966666666666667,0.0033333333333333335,0.20333333333333334,299,1,61,239
0.1,0.8966666666666666,0.9958333333333333,0.7966666666666666,0.8851851851851852,0.9966666666666667,0.0033333333333333335,0.20333333333333334,299,1,61,239
0.101,0.8966666666666666,0.9958333333333333,0.7966666666666666,0.8851851851851852,0.9966666666666667,0.0033333333333333335,0.20333333333333334,299,1,61,239
0.10200000000000001,0.8966666666666666,0.9958333333333333,0.7966666666666666,0.8851851851851852,0.9966666666666667,0.0033333333333333335,0.20333333333333334,299,1,61,239
0.10300000000000001,0.8966666666666666,0.9958333333333333,0.7966666666666666,0.8851851851851852,0.9966666666666667,0.0033333333333333335,0.20333333333333334,299,1,61,239
0.10400000000000001,0.8966666666666666,0.9958333333333333,0.7966666666666666,0.8851851851851852,0.9966666666666667,0.0033333333333333335,0.20333333333333334,299,1,61,239
0.10500000000000001,0.895,0.99581589958159,0.7933333333333333,0.8831168831168831,0.9966666666666667,0.0033333333333333335,0.20666666666666667,299,1,62,238
0.106,0.895,0.99581589958159,0.7933333333333333,0.8831168831168831,0.9966666666666667,0.0033333333333333335,0.20666666666666667,299,1,62,238
0.107,0.895,0.99581589958159,0.7933333333333333,0.8831168831168831,0.9966666666666667,0.0033333333333333335,0.20666666666666667,299,1,62,238
0.108,0.895,0.99581589958159,0.7933333333333333,0.8831168831168831,0.9966666666666667,0.0033333333333333335,0.20666666666666667,299,1,62,238
0.109,0.895,0.99581589958159,0.7933333333333333,0.8831168831168831,0.9966666666666667,0.0033333333333333335,0.20666666666666667,299,1,62,238
0.11,0.895,0.99581589958159,0.7933333333333333,0.8831168831168831,0.9966666666666667,0.0033333333333333335,0.20666666666666667,299,1,62,238
0.111,0.895,0.99581589958159,0.7933333333333333,0.8831168831168831,0.9966666666666667,0.0033333333333333335,0.20666666666666667,299,1,62,238
0.112,0.895,0.99581589958159,0.7933333333333333,0.8831168831168831,0.9966666666666667,0.0033333333333333335,0.20666666666666667,299,1,62,238
0.113,0.895,0.99581589958159,0.7933333333333333,0.8831168831168831,0.9966666666666667,0.0033333333333333335,0.20666666666666667,299,1,62,238
0.114,0.895,0.99581589958159,0.7933333333333333,0.8831168831168831,0.9966666666666667,0.0033333333333333335,0.20666666666666667,299,1,62,238
0.115,0.895,0.99581589958159,0.7933333333333333,0.8831168831168831,0.9966666666666667,0.0033333333333333335,0.20666666666666667,299,1,62,238
0.116,0.895,0.99581589958159,0.7933333333333333,0.8831168831168831,0.9966666666666667,0.0033333333333333335,0.20666666666666667,299,1,62,238
0.117,0.895,0.99581589958159,0.7933333333333333,0.8831168831168831,0.9966666666666667,0.0033333333333333335,0.20666666666666667,299,1,62,238
0.11800000000000001,0.895,0.99581589958159,0.7933333333333333,0.8831168831168831,0.9966666666666667,0.0033333333333333335,0.20666666666666667,299,1,62,238
0.11900000000000001,0.895,0.99581589958159,0.7933333333333333,0.8831168831168831,0.9966666666666667,0.0033333333333333335,0.20666666666666667,299,1,62,238
0.12000000000000001,0.895,0.99581589958159,0.7933333333333333,0.8831168831168831,0.9966666666666667,0.0033333333333333335,0.20666666666666667,299,1,62,238
0.121,0.895,0.99581589958159,0.7933333333333333,0.8831168831168831,0.9966666666666667,0.0033333333333333335,0.20666666666666667,299,1,62,238
0.122,0.895,0.99581589958159,0.7933333333333333,0.8831168831168831,0.9966666666666667,0.0033333333333333335,0.20666666666666667,299,1,62,238
0.123,0.895,0.99581589958159,0.7933333333333333,0.8831168831168831,0.9966666666666667,0.0033333333333333335,0.20666666666666667,299,1,62,238
0.124,0.8933333333333333,0.9957983193277311,0.79,0.8810408921933085,0.9966666666666667,0.0033333333333333335,0.21,299,1,63,237
0.125,0.8933333333333333,0.9957983193277311,0.79,0.8810408921933085,0.9966666666666667,0.0033333333333333335,0.21,299,1,63,237
0.126,0.8933333333333333,0.9957983193277311,0.79,0.8810408921933085,0.9966666666666667,0.0033333333333333335,0.21,299,1,63,237
0.127,0.8933333333333333,0.9957983193277311,0.79,0.8810408921933085,0.9966666666666667,0.0033333333333333335,0.21,299,1,63,237
0.128,0.8916666666666667,0.9957805907172996,0.7866666666666666,0.8789571694599627,0.9966666666666667,0.0033333333333333335,0.21333333333333335,299,1,64,236
0.129,0.8916666666666667,0.9957805907172996,0.7866666666666666,0.8789571694599627,0.9966666666666667,0.0033333333333333335,0.21333333333333335,299,1,64,236
0.13,0.8916666666666667,0.9957805907172996,0.7866666666666666,0.8789571694599627,0.9966666666666667,0.0033333333333333335,0.21333333333333335,299,1,64,236
0.131,0.8916666666666667,0.9957805907172996,0.7866666666666666,0.8789571694599627,0.9966666666666667,0.0033333333333333335,0.21333333333333335,299,1,64,236
0.132,0.8916666666666667,0.9957805907172996,0.7866666666666666,0.8789571694599627,0.9966666666666667,0.0033333333333333335,0.21333333333333335,299,1,64,236
0.133,0.8916666666666667,0.9957805907172996,0.7866666666666666,0.8789571694599627,0.9966666666666667,0.0033333333333333335,0.21333333333333335,299,1,64,236
0.134,0.8916666666666667,0.9957805907172996,0.7866666666666666,0.8789571694599627,0.9966666666666667,0.0033333333333333335,0.21333333333333335,299,1,64,236
0.135,0.89,0.9957627118644068,0.7833333333333333,0.8768656716417911,0.9966666666666667,0.0033333333333333335,0.21666666666666667,299,1,65,235
0.136,0.89,0.9957627118644068,0.7833333333333333,0.8768656716417911,0.9966666666666667,0.0033333333333333335,0.21666666666666667,299,1,65,235
0.137,0.89,0.9957627118644068,0.7833333333333333,0.8768656716417911,0.9966666666666667,0.0033333333333333335,0.21666666666666667,299,1,65,235
0.138,0.89,0.9957627118644068,0.7833333333333333,0.8768656716417911,0.9966666666666667,0.0033333333333333335,0.21666666666666667,299,1,65,235
0.139,0.89,0.9957627118644068,0.7833333333333333,0.8768656716417911,0.9966666666666667,0.0033333333333333335,0.21666666666666667,299,1,65,235
0.14,0.89,0.9957627118644068,0.7833333333333333,0.8768656716417911,0.9966666666666667,0.0033333333333333335,0.21666666666666667,299,1,65,235
0.14100000000000001,0.89,0.9957627118644068,0.7833333333333333,0.8768656716417911,0.9966666666666667,0.0033333333333333335,0.21666666666666667,299,1,65,235
0.14200000000000002,0.89,0.9957627118644068,0.7833333333333333,0.8768656716417911,0.9966666666666667,0.0033333333333333335,0.21666666666666667,299,1,65,235
0.14300000000000002,0.89,0.9957627118644068,0.7833333333333333,0.8768656716417911,0.9966666666666667,0.0033333333333333335,0.21666666666666667,299,1,65,235
0.14400000000000002,0.89,0.9957627118644068,0.7833333333333333,0.8768656716417911,0.9966666666666667,0.0033333333333333335,0.21666666666666667,299,1,65,235
0.14500000000000002,0.8883333333333333,0.9957446808510638,0.78,0.874766355140187,0.9966666666666667,0.0033333333333333335,0.22,299,1,66,234
0.146,0.8883333333333333,0.9957446808510638,0.78,0.874766355140187,0.9966666666666667,0.0033333333333333335,0.22,299,1,66,234
0.147,0.8883333333333333,0.9957446808510638,0.78,0.874766355140187,0.9966666666666667,0.0033333333333333335,0.22,299,1,66,234
0.148,0.8883333333333333,0.9957446808510638,0.78,0.874766355140187,0.9966666666666667,0.0033333333333333335,0.22,299,1,66,234
0.149,0.8883333333333333,0.9957446808510638,0.78,0.874766355140187,0.9966666666666667,0.0033333333333333335,0.22,299,1,66,234
0.15,0.8883333333333333,0.9957446808510638,0.78,0.874766355140187,0.9966666666666667,0.0033333333333333335,0.22,299,1,66,234
0.151,0.8883333333333333,0.9957446808510638,0.78,0.874766355140187,0.9966666666666667,0.0033333333333333335,0.22,299,1,66,234
0.152,0.8883333333333333,0.9957446808510638,0.78,0.874766355140187,0.9966666666666667,0.0033333333333333335,0.22,299,1,66,234
0.153,0.8883333333333333,0.9957446808510638,0.78,0.874766355140187,0.9966666666666667,0.0033333333333333335,0.22,299,1,66,234
0.154,0.8883333333333333,0.9957446808510638,0.78,0.874766355140187,0.9966666666666667,0.0033333333333333335,0.22,299,1,66,234
0.155,0.8883333333333333,0.9957446808510638,0.78,0.874766355140187,0.9966666666666667,0.0033333333333333335,0.22,299,1,66,234
0.156,0.8883333333333333,0.9957446808510638,0.78,0.874766355140187,0.9966666666666667,0.0033333333333333335,0.22,299,1,66,234
0.157,0.8883333333333333,0.9957446808510638,0.78,0.874766355140187,0.9966666666666667,0.0033333333333333335,0.22,299,1,66,234
0.158,0.8883333333333333,0.9957446808510638,0.78,0.874766355140187,0.9966666666666667,0.0033333333333333335,0.22,299,1,66,234
0.159,0.8883333333333333,0.9957446808510638,0.78,0.874766355140187,0.9966666666666667,0.0033333333333333335,0.22,299,1,66,234
0.16,0.8883333333333333,0.9957446808510638,0.78,0.874766355140187,0.9966666666666667,0.0033333333333333335,0.22,299,1,66,234
0.161,0.8883333333333333,0.9957446808510638,0.78,0.874766355140187,0.9966666666666667,0.0033333333333333335,0.22,299,1,66,234
0.162,0.8883333333333333,0.9957446808510638,0.78,0.874766355140187,0.9966666666666667,0.0033333333333333335,0.22,299,1,66,234
0.163,0.8883333333333333,0.9957446808510638,0.78,0.874766355140187,0.9966666666666667,0.0033333333333333335,0.22,299,1,66,234
0.164,0.8883333333333333,0.9957446808510638,0.78,0.874766355140187,0.9966666666666667,0.0033333333333333335,0.22,299,1,66,234
0.165,0.8883333333333333,0.9957446808510638,0.78,0.874766355140187,0.9966666666666667,0.0033333333333333335,0.22,299,1,66,234
0.166,0.8883333333333333,1.0,0.7766666666666666,0.874296435272045,1.0,0.0,0.22333333333333333,300,0,67,233
0.167,0.8883333333333333,1.0,0.7766666666666666,0.874296435272045,1.0,0.0,0.22333333333333333,300,0,67,233
0.168,0.8883333333333333,1.0,0.7766666666666666,0.874296435272045,1.0,0.0,0.22333333333333333,300,0,67,233
0.169,0.8883333333333333,1.0,0.7766666666666666,0.874296435272045,1.0,0.0,0.22333333333333333,300,0,67,233
0.17,0.8883333333333333,1.0,0.7766666666666666,0.874296435272045,1.0,0.0,0.22333333333333333,300,0,67,233
0.171,0.8883333333333333,1.0,0.7766666666666666,0.874296435272045,1.0,0.0,0.22333333333333333,300,0,67,233
0.17200000000000001,0.8883333333333333,1.0,0.7766666666666666,0.874296435272045,1.0,0.0,0.22333333333333333,300,0,67,233
0.17300000000000001,0.8883333333333333,1.0,0.7766666666666666,0.874296435272045,1.0,0.0,0.22333333333333333,300,0,67,233
0.17400000000000002,0.8883333333333333,1.0,0.7766666666666666,0.874296435272045,1.0,0.0,0.22333333333333333,300,0,67,233
0.17500000000000002,0.8883333333333333,1.0,0.7766666666666666,0.874296435272045,1.0,0.0,0.22333333333333333,300,0,67,233
0.17600000000000002,0.8883333333333333,1.0,0.7766666666666666,0.874296435272045,1.0,0.0,0.22333333333333333,300,0,67,233
0.177,0.8866666666666667,1.0,0.7733333333333333,0.8721804511278195,1.0,0.0,0.22666666666666666,300,0,68,232
0.178,0.8866666666666667,1.0,0.7733333333333333,0.8721804511278195,1.0,0.0,0.22666666666666666,300,0,68,232
0.179,0.8866666666666667,1.0,0.7733333333333333,0.8721804511278195,1.0,0.0,0.22666666666666666,300,0,68,232
0.18,0.8866666666666667,1.0,0.7733333333333333,0.8721804511278195,1.0,0.0,0.22666666666666666,300,0,68,232
0.181,0.885,1.0,0.77,0.8700564971751412,1.0,0.0,0.23,300,0,69,231
0.182,0.885,1.0,0.77,0.8700564971751412,1.0,0.0,0.23,300,0,69,231
0.183,0.885,1.0,0.77,0.8700564971751412,1.0,0.0,0.23,300,0,69,231
0.184,0.885,1.0,0.77,0.8700564971751412,1.0,0.0,0.23,300,0,69,231
0.185,0.885,1.0,0.77,0.8700564971751412,1.0,0.0,0.23,300,0,69,231
0.186,0.885,1.0,0.77,0.8700564971751412,1.0,0.0,0.23,300,0,69,231
0.187,0.885,1.0,0.77,0.8700564971751412,1.0,0.0,0.23,300,0,69,231
0.188,0.885,1.0,0.77,0.8700564971751412,1.0,0.0,0.23,300,0,69,231
0.189,0.885,1.0,0.77,0.8700564971751412,1.0,0.0,0.23,300,0,69,231
0.19,0.885,1.0,0.77,0.8700564971751412,1.0,0.0,0.23,300,0,69,231
0.191,0.885,1.0,0.77,0.8700564971751412,1.0,0.0,0.23,300,0,69,231
0.192,0.885,1.0,0.77,0.8700564971751412,1.0,0.0,0.23,300,0,69,231
0.193,0.885,1.0,0.77,0.8700564971751412,1.0,0.0,0.23,300,0,69,231
0.194,0.885,1.0,0.77,0.8700564971751412,1.0,0.0,0.23,300,0,69,231
0.195,0.885,1.0,0.77,0.8700564971751412,1.0,0.0,0.23,300,0,69,231
0.196,0.885,1.0,0.77,0.8700564971751412,1.0,0.0,0.23,300,0,69,231
0.197,0.8833333333333333,1.0,0.7666666666666667,0.8679245283018868,1.0,0.0,0.23333333333333334,300,0,70,230
0.198,0.8833333333333333,1.0,0.7666666666666667,0.8679245283018868,1.0,0.0,0.23333333333333334,300,0,70,230
0.199,0.8833333333333333,1.0,0.7666666666666667,0.8679245283018868,1.0,0.0,0.23333333333333334,300,0,70,230
0.2,0.8833333333333333,1.0,0.7666666666666667,0.8679245283018868,1.0,0.0,0.23333333333333334,300,0,70,230
0.201,0.8833333333333333,1.0,0.7666666666666667,0.8679245283018868,1.0,0.0,0.23333333333333334,300,0,70,230
0.202,0.8833333333333333,1.0,0.7666666666666667,0.8679245283018868,1.0,0.0,0.23333333333333334,300,0,70,230
0.203,0.8833333333333333,1.0,0.7666666666666667,0.8679245283018868,1.0,0.0,0.23333333333333334,300,0,70,230
0.20400000000000001,0.8833333333333333,1.0,0.7666666666666667,0.8679245283018868,1.0,0.0,0.23333333333333334,300,0,70,230
0.20500000000000002,0.8833333333333333,1.0,0.7666666666666667,0.8679245283018868,1.0,0.0,0.23333333333333334,300,0,70,230
0.20600000000000002,0.8833333333333333,1.0,0.7666666666666667,0.8679245283018868,1.0,0.0,0.23333333333333334,300,0,70,230
0.20700000000000002,0.8833333333333333,1.0,0.7666666666666667,0.8679245283018868,1.0,0.0,0.23333333333333334,300,0,70,230
0.20800000000000002,0.8833333333333333,1.0,0.7666666666666667,0.8679245283018868,1.0,0.0,0.23333333333333334,300,0,70,230
0.20900000000000002,0.8816666666666667,1.0,0.7633333333333333,0.8657844990548205,1.0,0.0,0.23666666666666666,300,0,71,229
0.21,0.8816666666666667,1.0,0.7633333333333333,0.8657844990548205,1.0,0.0,0.23666666666666666,300,0,71,229
0.211,0.8816666666666667,1.0,0.7633333333333333,0.8657844990548205,1.0,0.0,0.23666666666666666,300,0,71,229
0.212,0.8816666666666667,1.0,0.7633333333333333,0.8657844990548205,1.0,0.0,0.23666666666666666,300,0,71,229
0.213,0.8816666666666667,1.0,0.7633333333333333,0.8657844990548205,1.0,0.0,0.23666666666666666,300,0,71,229
0.214,0.8816666666666667,1.0,0.7633333333333333,0.8657844990548205,1.0,0.0,0.23666666666666666,300,0,71,229
0.215,0.8816666666666667,1.0,0.7633333333333333,0.8657844990548205,1.0,0.0,0.23666666666666666,300,0,71,229
0.216,0.8816666666666667,1.0,0.7633333333333333,0.8657844990548205,1.0,0.0,0.23666666666666666,300,0,71,229
0.217,0.8816666666666667,1.0,0.7633333333333333,0.8657844990548205,1.0,0.0,0.23666666666666666,300,0,71,229
0.218,0.8816666666666667,1.0,0.7633333333333333,0.8657844990548205,1.0,0.0,0.23666666666666666,300,0,71,229
0.219,0.88,1.0,0.76,0.8636363636363636,1.0,0.0,0.24,300,0,72,228
0.22,0.8783333333333333,1.0,0.7566666666666667,0.8614800759013282,1.0,0.0,0.24333333333333335,300,0,73,227
0.221,0.8766666666666667,1.0,0.7533333333333333,0.8593155893536122,1.0,0.0,0.24666666666666667,300,0,74,226
0.222,0.8766666666666667,1.0,0.7533333333333333,0.8593155893536122,1.0,0.0,0.24666666666666667,300,0,74,226
0.223,0.8766666666666667,1.0,0.7533333333333333,0.8593155893536122,1.0,0.0,0.24666666666666667,300,0,74,226
0.224,0.8766666666666667,1.0,0.7533333333333333,0.8593155893536122,1.0,0.0,0.24666666666666667,300,0,74,226
0.225,0.8766666666666667,1.0,0.7533333333333333,0.8593155893536122,1.0,0.0,0.24666666666666667,300,0,74,226
0.226,0.8766666666666667,1.0,0.7533333333333333,0.8593155893536122,1.0,0.0,0.24666666666666667,300,0,74,226
0.227,0.8766666666666667,1.0,0.7533333333333333,0.8593155893536122,1.0,0.0,0.24666666666666667,300,0,74,226
0.228,0.8766666666666667,1.0,0.7533333333333333,0.8593155893536122,1.0,0.0,0.24666666666666667,300,0,74,226
0.229,0.8766666666666667,1.0,0.7533333333333333,0.8593155893536122,1.0,0.0,0.24666666666666667,300,0,74,226
0.23,0.8766666666666667,1.0,0.7533333333333333,0.8593155893536122,1.0,0.0,0.24666666666666667,300,0,74,226
0.231,0.8766666666666667,1.0,0.7533333333333333,0.8593155893536122,1.0,0.0,0.24666666666666667,300,0,74,226
0.232,0.8766666666666667,1.0,0.7533333333333333,0.8593155893536122,1.0,0.0,0.24666666666666667,300,0,74,226
0.233,0.8766666666666667,1.0,0.7533333333333333,0.8593155893536122,1.0,0.0,0.24666666666666667,300,0,74,226
0.234,0.8766666666666667,1.0,0.7533333333333333,0.8593155893536122,1.0,0.0,0.24666666666666667,300,0,74,226
0.23500000000000001,0.8766666666666667,1.0,0.7533333333333333,0.8593155893536122,1.0,0.0,0.24666666666666667,300,0,74,226
0.23600000000000002,0.8766666666666667,1.0,0.7533333333333333,0.8593155893536122,1.0,0.0,0.24666666666666667,300,0,74,226
0.23700000000000002,0.8766666666666667,1.0,0.7533333333333333,0.8593155893536122,1.0,0.0,0.24666666666666667,300,0,74,226
0.23800000000000002,0.875,1.0,0.75,0.8571428571428571,1.0,0.0,0.25,300,0,75,225
0.23900000000000002,0.875,1.0,0.75,0.8571428571428571,1.0,0.0,0.25,300,0,75,225
0.24000000000000002,0.875,1.0,0.75,0.8571428571428571,1.0,0.0,0.25,300,0,75,225
0.241,0.875,1.0,0.75,0.8571428571428571,1.0,0.0,0.25,300,0,75,225
0.242,0.8733333333333333,1.0,0.7466666666666667,0.8549618320610687,1.0,0.0,0.25333333333333335,300,0,76,224
0.243,0.8733333333333333,1.0,0.7466666666666667,0.8549618320610687,1.0,0.0,0.25333333333333335,300,0,76,224
0.244,0.8733333333333333,1.0,0.7466666666666667,0.8549618320610687,1.0,0.0,0.25333333333333335,300,0,76,224
0.245,0.8733333333333333,1.0,0.7466666666666667,0.8549618320610687,1.0,0.0,0.25333333333333335,300,0,76,224
0.246,0.8733333333333333,1.0,0.7466666666666667,0.8549618320610687,1.0,0.0,0.25333333333333335,300,0,76,224
0.247,0.8733333333333333,1.0,0.7466666666666667,0.8549618320610687,1.0,0.0,0.25333333333333335,300,0,76,224
0.248,0.8733333333333333,1.0,0.7466666666666667,0.8549618320610687,1.0,0.0,0.25333333333333335,300,0,76,224
0.249,0.8733333333333333,1.0,0.7466666666666667,0.8549618320610687,1.0,0.0,0.25333333333333335,300,0,76,224
0.25,0.8733333333333333,1.0,0.7466666666666667,0.8549618320610687,1.0,0.0,0.25333333333333335,300,0,76,224
0.251,0.8733333333333333,1.0,0.7466666666666667,0.8549618320610687,1.0,0.0,0.25333333333333335,300,0,76,224
0.252,0.8733333333333333,1.0,0.7466666666666667,0.8549618320610687,1.0,0.0,0.25333333333333335,300,0,76,224
0.253,0.8733333333333333,1.0,0.7466666666666667,0.8549618320610687,1.0,0.0,0.25333333333333335,300,0,76,224
0.254,0.8733333333333333,1.0,0.7466666666666667,0.8549618320610687,1.0,0.0,0.25333333333333335,300,0,76,224
0.255,0.8733333333333333,1.0,0.7466666666666667,0.8549618320610687,1.0,0.0,0.25333333333333335,300,0,76,224
0.256,0.8733333333333333,1.0,0.7466666666666667,0.8549618320610687,1.0,0.0,0.25333333333333335,300,0,76,224
0.257,0.8716666666666667,1.0,0.7433333333333333,0.8527724665391969,1.0,0.0,0.25666666666666665,300,0,77,223
0.258,0.8716666666666667,1.0,0.7433333333333333,0.8527724665391969,1.0,0.0,0.25666666666666665,300,0,77,223
0.259,0.8716666666666667,1.0,0.7433333333333333,0.8527724665391969,1.0,0.0,0.25666666666666665,300,0,77,223
0.26,0.8716666666666667,1.0,0.7433333333333333,0.8527724665391969,1.0,0.0,0.25666666666666665,300,0,77,223
0.261,0.8716666666666667,1.0,0.7433333333333333,0.8527724665391969,1.0,0.0,0.25666666666666665,300,0,77,223
0.262,0.8716666666666667,1.0,0.7433333333333333,0.8527724665391969,1.0,0.0,0.25666666666666665,300,0,77,223
0.263,0.8716666666666667,1.0,0.7433333333333333,0.8527724665391969,1.0,0.0,0.25666666666666665,300,0,77,223
0.264,0.8716666666666667,1.0,0.7433333333333333,0.8527724665391969,1.0,0.0,0.25666666666666665,300,0,77,223
0.265,0.87,1.0,0.74,0.8505747126436781,1.0,0.0,0.26,300,0,78,222
0.266,0.8666666666666667,1.0,0.7333333333333333,0.8461538461538461,1.0,0.0,0.26666666666666666,300,0,80,220
0.267,0.8666666666666667,1.0,0.7333333333333333,0.8461538461538461,1.0,0.0,0.26666666666666666,300,0,80,220
0.268,0.8666666666666667,1.0,0.7333333333333333,0.8461538461538461,1.0,0.0,0.26666666666666666,300,0,80,220
0.269,0.865,1.0,0.73,0.8439306358381503,1.0,0.0,0.27,300,0,81,219
0.27,0.865,1.0,0.73,0.8439306358381503,1.0,0.0,0.27,300,0,81,219
0.271,0.865,1.0,0.73,0.8439306358381503,1.0,0.0,0.27,300,0,81,219
0.272,0.865,1.0,0.73,0.8439306358381503,1.0,0.0,0.27,300,0,81,219
0.273,0.865,1.0,0.73,0.8439306358381503,1.0,0.0,0.27,300,0,81,219
0.274,0.865,1.0,0.73,0.8439306358381503,1.0,0.0,0.27,300,0,81,219
0.275,0.8633333333333333,1.0,0.7266666666666667,0.8416988416988417,1.0,0.0,0.2733333333333333,300,0,82,218
0.276,0.8633333333333333,1.0,0.7266666666666667,0.8416988416988417,1.0,0.0,0.2733333333333333,300,0,82,218
0.277,0.8633333333333333,1.0,0.7266666666666667,0.8416988416988417,1.0,0.0,0.2733333333333333,300,0,82,218
0.278,0.8633333333333333,1.0,0.7266666666666667,0.8416988416988417,1.0,0.0,0.2733333333333333,300,0,82,218
0.279,0.8633333333333333,1.0,0.7266666666666667,0.8416988416988417,1.0,0.0,0.2733333333333333,300,0,82,218
0.28,0.8633333333333333,1.0,0.7266666666666667,0.8416988416988417,1.0,0.0,0.2733333333333333,300,0,82,218
0.281,0.8633333333333333,1.0,0.7266666666666667,0.8416988416988417,1.0,0.0,0.2733333333333333,300,0,82,218
0.28200000000000003,0.8633333333333333,1.0,0.7266666666666667,0.8416988416988417,1.0,0.0,0.2733333333333333,300,0,82,218
0.28300000000000003,0.8633333333333333,1.0,0.7266666666666667,0.8416988416988417,1.0,0.0,0.2733333333333333,300,0,82,218
0.28400000000000003,0.8633333333333333,1.0,0.7266666666666667,0.8416988416988417,1.0,0.0,0.2733333333333333,300,0,82,218
0.28500000000000003,0.8633333333333333,1.0,0.7266666666666667,0.8416988416988417,1.0,0.0,0.2733333333333333,300,0,82,218
0.28600000000000003,0.8633333333333333,1.0,0.7266666666666667,0.8416988416988417,1.0,0.0,0.2733333333333333,300,0,82,218
0.28700000000000003,0.8633333333333333,1.0,0.7266666666666667,0.8416988416988417,1.0,0.0,0.2733333333333333,300,0,82,218
0.28800000000000003,0.8633333333333333,1.0,0.7266666666666667,0.8416988416988417,1.0,0.0,0.2733333333333333,300,0,82,218
0.28900000000000003,0.8633333333333333,1.0,0.7266666666666667,0.8416988416988417,1.0,0.0,0.2733333333333333,300,0,82,218
0.29,0.8633333333333333,1.0,0.7266666666666667,0.8416988416988417,1.0,0.0,0.2733333333333333,300,0,82,218
0.291,0.8633333333333333,1.0,0.7266666666666667,0.8416988416988417,1.0,0.0,0.2733333333333333,300,0,82,218
0.292,0.8633333333333333,1.0,0.7266666666666667,0.8416988416988417,1.0,0.0,0.2733333333333333,300,0,82,218
0.293,0.8633333333333333,1.0,0.7266666666666667,0.8416988416988417,1.0,0.0,0.2733333333333333,300,0,82,218
0.294,0.8633333333333333,1.0,0.7266666666666667,0.8416988416988417,1.0,0.0,0.2733333333333333,300,0,82,218
0.295,0.8616666666666667,1.0,0.7233333333333334,0.839458413926499,1.0,0.0,0.27666666666666667,300,0,83,217
0.296,0.8616666666666667,1.0,0.7233333333333334,0.839458413926499,1.0,0.0,0.27666666666666667,300,0,83,217
0.297,0.8616666666666667,1.0,0.7233333333333334,0.839458413926499,1.0,0.0,0.27666666666666667,300,0,83,217
0.298,0.8616666666666667,1.0,0.7233333333333334,0.839458413926499,1.0,0.0,0.27666666666666667,300,0,83,217
0.299,0.8616666666666667,1.0,0.7233333333333334,0.839458413926499,1.0,0.0,0.27666666666666667,300,0,83,217
0.3,0.8616666666666667,1.0,0.7233333333333334,0.839458413926499,1.0,0.0,0.27666666666666667,300,0,83,217
0.301,0.86,1.0,0.72,0.8372093023255814,1.0,0.0,0.28,300,0,84,216
0.302,0.86,1.0,0.72,0.8372093023255814,1.0,0.0,0.28,300,0,84,216
0.303,0.8583333333333333,1.0,0.7166666666666667,0.8349514563106796,1.0,0.0,0.2833333333333333,300,0,85,215
0.304,0.8583333333333333,1.0,0.7166666666666667,0.8349514563106796,1.0,0.0,0.2833333333333333,300,0,85,215
0.305,0.8583333333333333,1.0,0.7166666666666667,0.8349514563106796,1.0,0.0,0.2833333333333333,300,0,85,215
0.306,0.8583333333333333,1.0,0.7166666666666667,0.8349514563106796,1.0,0.0,0.2833333333333333,300,0,85,215
0.307,0.8583333333333333,1.0,0.7166666666666667,0.8349514563106796,1.0,0.0,0.2833333333333333,300,0,85,215
0.308,0.8583333333333333,1.0,0.7166666666666667,0.8349514563106796,1.0,0.0,0.2833333333333333,300,0,85,215
0.309,0.8583333333333333,1.0,0.7166666666666667,0.8349514563106796,1.0,0.0,0.2833333333333333,300,0,85,215
0.31,0.8583333333333333,1.0,0.7166666666666667,0.8349514563106796,1.0,0.0,0.2833333333333333,300,0,85,215
0.311,0.8583333333333333,1.0,0.7166666666666667,0.8349514563106796,1.0,0.0,0.2833333333333333,300,0,85,215
0.312,0.8583333333333333,1.0,0.7166666666666667,0.8349514563106796,1.0,0.0,0.2833333333333333,300,0,85,215
0.313,0.8583333333333333,1.0,0.7166666666666667,0.8349514563106796,1.0,0.0,0.2833333333333333,300,0,85,215
0.314,0.8583333333333333,1.0,0.7166666666666667,0.8349514563106796,1.0,0.0,0.2833333333333333,300,0,85,215
0.315,0.8583333333333333,1.0,0.7166666666666667,0.8349514563106796,1.0,0.0,0.2833333333333333,300,0,85,215
0.316,0.8583333333333333,1.0,0.7166666666666667,0.8349514563106796,1.0,0.0,0.2833333333333333,300,0,85,215
0.317,0.8583333333333333,1.0,0.7166666666666667,0.8349514563106796,1.0,0.0,0.2833333333333333,300,0,85,215
0.318,0.8583333333333333,1.0,0.7166666666666667,0.8349514563106796,1.0,0.0,0.2833333333333333,300,0,85,215
0.319,0.8583333333333333,1.0,0.7166666666666667,0.8349514563106796,1.0,0.0,0.2833333333333333,300,0,85,215
0.32,0.8583333333333333,1.0,0.7166666666666667,0.8349514563106796,1.0,0.0,0.2833333333333333,300,0,85,215
0.321,0.8583333333333333,1.0,0.7166666666666667,0.8349514563106796,1.0,0.0,0.2833333333333333,300,0,85,215
0.322,0.8583333333333333,1.0,0.7166666666666667,0.8349514563106796,1.0,0.0,0.2833333333333333,300,0,85,215
0.323,0.8583333333333333,1.0,0.7166666666666667,0.8349514563106796,1.0,0.0,0.2833333333333333,300,0,85,215
0.324,0.8583333333333333,1.0,0.7166666666666667,0.8349514563106796,1.0,0.0,0.2833333333333333,300,0,85,215
0.325,0.8583333333333333,1.0,0.7166666666666667,0.8349514563106796,1.0,0.0,0.2833333333333333,300,0,85,215
0.326,0.8566666666666667,1.0,0.7133333333333334,0.8326848249027238,1.0,0.0,0.2866666666666667,300,0,86,214
0.327,0.8566666666666667,1.0,0.7133333333333334,0.8326848249027238,1.0,0.0,0.2866666666666667,300,0,86,214
0.328,0.8566666666666667,1.0,0.7133333333333334,0.8326848249027238,1.0,0.0,0.2866666666666667,300,0,86,214
0.329,0.8566666666666667,1.0,0.7133333333333334,0.8326848249027238,1.0,0.0,0.2866666666666667,300,0,86,214
0.33,0.8566666666666667,1.0,0.7133333333333334,0.8326848249027238,1.0,0.0,0.2866666666666667,300,0,86,214
0.331,0.8566666666666667,1.0,0.7133333333333334,0.8326848249027238,1.0,0.0,0.2866666666666667,300,0,86,214
0.332,0.8566666666666667,1.0,0.7133333333333334,0.8326848249027238,1.0,0.0,0.2866666666666667,300,0,86,214
0.333,0.8566666666666667,1.0,0.7133333333333334,0.8326848249027238,1.0,0.0,0.2866666666666667,300,0,86,214
0.334,0.8566666666666667,1.0,0.7133333333333334,0.8326848249027238,1.0,0.0,0.2866666666666667,300,0,86,214
0.335,0.8566666666666667,1.0,0.7133333333333334,0.8326848249027238,1.0,0.0,0.2866666666666667,300,0,86,214
0.336,0.8566666666666667,1.0,0.7133333333333334,0.8326848249027238,1.0,0.0,0.2866666666666667,300,0,86,214
0.337,0.8566666666666667,1.0,0.7133333333333334,0.8326848249027238,1.0,0.0,0.2866666666666667,300,0,86,214
0.338,0.8566666666666667,1.0,0.7133333333333334,0.8326848249027238,1.0,0.0,0.2866666666666667,300,0,86,214
0.339,0.8566666666666667,1.0,0.7133333333333334,0.8326848249027238,1.0,0.0,0.2866666666666667,300,0,86,214
0.34,0.8566666666666667,1.0,0.7133333333333334,0.8326848249027238,1.0,0.0,0.2866666666666667,300,0,86,214
0.341,0.8566666666666667,1.0,0.7133333333333334,0.8326848249027238,1.0,0.0,0.2866666666666667,300,0,86,214
0.342,0.8566666666666667,1.0,0.7133333333333334,0.8326848249027238,1.0,0.0,0.2866666666666667,300,0,86,214
0.343,0.8566666666666667,1.0,0.7133333333333334,0.8326848249027238,1.0,0.0,0.2866666666666667,300,0,86,214
0.34400000000000003,0.8566666666666667,1.0,0.7133333333333334,0.8326848249027238,1.0,0.0,0.2866666666666667,300,0,86,214
0.34500000000000003,0.8566666666666667,1.0,0.7133333333333334,0.8326848249027238,1.0,0.0,0.2866666666666667,300,0,86,214
0.34600000000000003,0.855,1.0,0.71,0.8304093567251462,1.0,0.0,0.29,300,0,87,213
0.34700000000000003,0.855,1.0,0.71,0.8304093567251462,1.0,0.0,0.29,300,0,87,213
0.34800000000000003,0.855,1.0,0.71,0.8304093567251462,1.0,0.0,0.29,300,0,87,213
0.34900000000000003,0.855,1.0,0.71,0.8304093567251462,1.0,0.0,0.29,300,0,87,213
0.35000000000000003,0.855,1.0,0.71,0.8304093567251462,1.0,0.0,0.29,300,0,87,213
0.35100000000000003,0.855,1.0,0.71,0.8304093567251462,1.0,0.0,0.29,300,0,87,213
0.35200000000000004,0.855,1.0,0.71,0.8304093567251462,1.0,0.0,0.29,300,0,87,213
0.353,0.855,1.0,0.71,0.8304093567251462,1.0,0.0,0.29,300,0,87,213
0.354,0.855,1.0,0.71,0.8304093567251462,1.0,0.0,0.29,300,0,87,213
0.355,0.855,1.0,0.71,0.8304093567251462,1.0,0.0,0.29,300,0,87,213
0.356,0.855,1.0,0.71,0.8304093567251462,1.0,0.0,0.29,300,0,87,213
0.357,0.855,1.0,0.71,0.8304093567251462,1.0,0.0,0.29,300,0,87,213
0.358,0.855,1.0,0.71,0.8304093567251462,1.0,0.0,0.29,300,0,87,213
0.359,0.8533333333333334,1.0,0.7066666666666667,0.828125,1.0,0.0,0.29333333333333333,300,0,88,212
0.36,0.8533333333333334,1.0,0.7066666666666667,0.828125,1.0,0.0,0.29333333333333333,300,0,88,212
0.361,0.8533333333333334,1.0,0.7066666666666667,0.828125,1.0,0.0,0.29333333333333333,300,0,88,212
0.362,0.8533333333333334,1.0,0.7066666666666667,0.828125,1.0,0.0,0.29333333333333333,300,0,88,212
0.363,0.8533333333333334,1.0,0.7066666666666667,0.828125,1.0,0.0,0.29333333333333333,300,0,88,212
0.364,0.8533333333333334,1.0,0.7066666666666667,0.828125,1.0,0.0,0.29333333333333333,300,0,88,212
0.365,0.8533333333333334,1.0,0.7066666666666667,0.828125,1.0,0.0,0.29333333333333333,300,0,88,212
0.366,0.8533333333333334,1.0,0.7066666666666667,0.828125,1.0,0.0,0.29333333333333333,300,0,88,212
0.367,0.8533333333333334,1.0,0.7066666666666667,0.828125,1.0,0.0,0.29333333333333333,300,0,88,212
0.368,0.8533333333333334,1.0,0.7066666666666667,0.828125,1.0,0.0,0.29333333333333333,300,0,88,212
0.369,0.8533333333333334,1.0,0.7066666666666667,0.828125,1.0,0.0,0.29333333333333333,300,0,88,212
0.37,0.8533333333333334,1.0,0.7066666666666667,0.828125,1.0,0.0,0.29333333333333333,300,0,88,212
0.371,0.8533333333333334,1.0,0.7066666666666667,0.828125,1.0,0.0,0.29333333333333333,300,0,88,212
0.372,0.8533333333333334,1.0,0.7066666666666667,0.828125,1.0,0.0,0.29333333333333333,300,0,88,212
0.373,0.8533333333333334,1.0,0.7066666666666667,0.828125,1.0,0.0,0.29333333333333333,300,0,88,212
0.374,0.8533333333333334,1.0,0.7066666666666667,0.828125,1.0,0.0,0.29333333333333333,300,0,88,212
0.375,0.8533333333333334,1.0,0.7066666666666667,0.828125,1.0,0.0,0.29333333333333333,300,0,88,212
0.376,0.8533333333333334,1.0,0.7066666666666667,0.828125,1.0,0.0,0.29333333333333333,300,0,88,212
0.377,0.8533333333333334,1.0,0.7066666666666667,0.828125,1.0,0.0,0.29333333333333333,300,0,88,212
0.378,0.8533333333333334,1.0,0.7066666666666667,0.828125,1.0,0.0,0.29333333333333333,300,0,88,212
0.379,0.8533333333333334,1.0,0.7066666666666667,0.828125,1.0,0.0,0.29333333333333333,300,0,88,212
0.38,0.8516666666666667,1.0,0.7033333333333334,0.8258317025440313,1.0,0.0,0.2966666666666667,300,0,89,211
0.381,0.8516666666666667,1.0,0.7033333333333334,0.8258317025440313,1.0,0.0,0.2966666666666667,300,0,89,211
0.382,0.8516666666666667,1.0,0.7033333333333334,0.8258317025440313,1.0,0.0,0.2966666666666667,300,0,89,211
0.383,0.8516666666666667,1.0,0.7033333333333334,0.8258317025440313,1.0,0.0,0.2966666666666667,300,0,89,211
0.384,0.8516666666666667,1.0,0.7033333333333334,0.8258317025440313,1.0,0.0,0.2966666666666667,300,0,89,211
0.385,0.8516666666666667,1.0,0.7033333333333334,0.8258317025440313,1.0,0.0,0.2966666666666667,300,0,89,211
0.386,0.8516666666666667,1.0,0.7033333333333334,0.8258317025440313,1.0,0.0,0.2966666666666667,300,0,89,211
0.387,0.85,1.0,0.7,0.8235294117647058,1.0,0.0,0.3,300,0,90,210
0.388,0.85,1.0,0.7,0.8235294117647058,1.0,0.0,0.3,300,0,90,210
0.389,0.85,1.0,0.7,0.8235294117647058,1.0,0.0,0.3,300,0,90,210
0.39,0.85,1.0,0.7,0.8235294117647058,1.0,0.0,0.3,300,0,90,210
0.391,0.85,1.0,0.7,0.8235294117647058,1.0,0.0,0.3,300,0,90,210
0.392,0.85,1.0,0.7,0.8235294117647058,1.0,0.0,0.3,300,0,90,210
0.393,0.8483333333333334,1.0,0.6966666666666667,0.8212180746561886,1.0,0.0,0.30333333333333334,300,0,91,209
0.394,0.8483333333333334,1.0,0.6966666666666667,0.8212180746561886,1.0,0.0,0.30333333333333334,300,0,91,209
0.395,0.8483333333333334,1.0,0.6966666666666667,0.8212180746561886,1.0,0.0,0.30333333333333334,300,0,91,209
0.396,0.8483333333333334,1.0,0.6966666666666667,0.8212180746561886,1.0,0.0,0.30333333333333334,300,0,91,209
0.397,0.8466666666666667,1.0,0.6933333333333334,0.8188976377952756,1.0,0.0,0.30666666666666664,300,0,92,208
0.398,0.8466666666666667,1.0,0.6933333333333334,0.8188976377952756,1.0,0.0,0.30666666666666664,300,0,92,208
0.399,0.8466666666666667,1.0,0.6933333333333334,0.8188976377952756,1.0,0.0,0.30666666666666664,300,0,92,208
0.4,0.8466666666666667,1.0,0.6933333333333334,0.8188976377952756,1.0,0.0,0.30666666666666664,300,0,92,208
0.401,0.8466666666666667,1.0,0.6933333333333334,0.8188976377952756,1.0,0.0,0.30666666666666664,300,0,92,208
0.402,0.8466666666666667,1.0,0.6933333333333334,0.8188976377952756,1.0,0.0,0.30666666666666664,300,0,92,208
0.403,0.8466666666666667,1.0,0.6933333333333334,0.8188976377952756,1.0,0.0,0.30666666666666664,300,0,92,208
0.404,0.8466666666666667,1.0,0.6933333333333334,0.8188976377952756,1.0,0.0,0.30666666666666664,300,0,92,208
0.405,0.8466666666666667,1.0,0.6933333333333334,0.8188976377952756,1.0,0.0,0.30666666666666664,300,0,92,208
0.406,0.8466666666666667,1.0,0.6933333333333334,0.8188976377952756,1.0,0.0,0.30666666666666664,300,0,92,208
0.40700000000000003,0.8466666666666667,1.0,0.6933333333333334,0.8188976377952756,1.0,0.0,0.30666666666666664,300,0,92,208
0.40800000000000003,0.8466666666666667,1.0,0.6933333333333334,0.8188976377952756,1.0,0.0,0.30666666666666664,300,0,92,208
0.40900000000000003,0.8466666666666667,1.0,0.6933333333333334,0.8188976377952756,1.0,0.0,0.30666666666666664,300,0,92,208
0.41000000000000003,0.8466666666666667,1.0,0.6933333333333334,0.8188976377952756,1.0,0.0,0.30666666666666664,300,0,92,208
0.41100000000000003,0.8466666666666667,1.0,0.6933333333333334,0.8188976377952756,1.0,0.0,0.30666666666666664,300,0,92,208
0.41200000000000003,0.845,1.0,0.69,0.8165680473372781,1.0,0.0,0.31,300,0,93,207
0.41300000000000003,0.845,1.0,0.69,0.8165680473372781,1.0,0.0,0.31,300,0,93,207
0.41400000000000003,0.845,1.0,0.69,0.8165680473372781,1.0,0.0,0.31,300,0,93,207
0.41500000000000004,0.845,1.0,0.69,0.8165680473372781,1.0,0.0,0.31,300,0,93,207
0.41600000000000004,0.845,1.0,0.69,0.8165680473372781,1.0,0.0,0.31,300,0,93,207
0.41700000000000004,0.845,1.0,0.69,0.8165680473372781,1.0,0.0,0.31,300,0,93,207
0.418,0.845,1.0,0.69,0.8165680473372781,1.0,0.0,0.31,300,0,93,207
0.419,0.845,1.0,0.69,0.8165680473372781,1.0,0.0,0.31,300,0,93,207
0.42,0.845,1.0,0.69,0.8165680473372781,1.0,0.0,0.31,300,0,93,207
0.421,0.8433333333333334,1.0,0.6866666666666666,0.8142292490118577,1.0,0.0,0.31333333333333335,300,0,94,206
0.422,0.8433333333333334,1.0,0.6866666666666666,0.8142292490118577,1.0,0.0,0.31333333333333335,300,0,94,206
0.423,0.8433333333333334,1.0,0.6866666666666666,0.8142292490118577,1.0,0.0,0.31333333333333335,300,0,94,206
0.424,0.8416666666666667,1.0,0.6833333333333333,0.8118811881188119,1.0,0.0,0.31666666666666665,300,0,95,205
0.425,0.8416666666666667,1.0,0.6833333333333333,0.8118811881188119,1.0,0.0,0.31666666666666665,300,0,95,205
0.426,0.8416666666666667,1.0,0.6833333333333333,0.8118811881188119,1.0,0.0,0.31666666666666665,300,0,95,205
0.427,0.8416666666666667,1.0,0.6833333333333333,0.8118811881188119,1.0,0.0,0.31666666666666665,300,0,95,205
0.428,0.8416666666666667,1.0,0.6833333333333333,0.8118811881188119,1.0,0.0,0.31666666666666665,300,0,95,205
0.429,0.8416666666666667,1.0,0.6833333333333333,0.8118811881188119,1.0,0.0,0.31666666666666665,300,0,95,205
0.43,0.8416666666666667,1.0,0.6833333333333333,0.8118811881188119,1.0,0.0,0.31666666666666665,300,0,95,205
0.431,0.8416666666666667,1.0,0.6833333333333333,0.8118811881188119,1.0,0.0,0.31666666666666665,300,0,95,205
0.432,0.8416666666666667,1.0,0.6833333333333333,0.8118811881188119,1.0,0.0,0.31666666666666665,300,0,95,205
0.433,0.8416666666666667,1.0,0.6833333333333333,0.8118811881188119,1.0,0.0,0.31666666666666665,300,0,95,205
0.434,0.8383333333333334,1.0,0.6766666666666666,0.8071570576540755,1.0,0.0,0.3233333333333333,300,0,97,203
0.435,0.8383333333333334,1.0,0.6766666666666666,0.8071570576540755,1.0,0.0,0.3233333333333333,300,0,97,203
0.436,0.8383333333333334,1.0,0.6766666666666666,0.8071570576540755,1.0,0.0,0.3233333333333333,300,0,97,203
0.437,0.8383333333333334,1.0,0.6766666666666666,0.8071570576540755,1.0,0.0,0.3233333333333333,300,0,97,203
0.438,0.8383333333333334,1.0,0.6766666666666666,0.8071570576540755,1.0,0.0,0.3233333333333333,300,0,97,203
0.439,0.8383333333333334,1.0,0.6766666666666666,0.8071570576540755,1.0,0.0,0.3233333333333333,300,0,97,203
0.44,0.8383333333333334,1.0,0.6766666666666666,0.8071570576540755,1.0,0.0,0.3233333333333333,300,0,97,203
0.441,0.8383333333333334,1.0,0.6766666666666666,0.8071570576540755,1.0,0.0,0.3233333333333333,300,0,97,203
0.442,0.8383333333333334,1.0,0.6766666666666666,0.8071570576540755,1.0,0.0,0.3233333333333333,300,0,97,203
0.443,0.8366666666666667,1.0,0.6733333333333333,0.8047808764940239,1.0,0.0,0.32666666666666666,300,0,98,202
0.444,0.8366666666666667,1.0,0.6733333333333333,0.8047808764940239,1.0,0.0,0.32666666666666666,300,0,98,202
0.445,0.8366666666666667,1.0,0.6733333333333333,0.8047808764940239,1.0,0.0,0.32666666666666666,300,0,98,202
0.446,0.8366666666666667,1.0,0.6733333333333333,0.8047808764940239,1.0,0.0,0.32666666666666666,300,0,98,202
0.447,0.8366666666666667,1.0,0.6733333333333333,0.8047808764940239,1.0,0.0,0.32666666666666666,300,0,98,202
0.448,0.8366666666666667,1.0,0.6733333333333333,0.8047808764940239,1.0,0.0,0.32666666666666666,300,0,98,202
0.449,0.8366666666666667,1.0,0.6733333333333333,0.8047808764940239,1.0,0.0,0.32666666666666666,300,0,98,202
0.45,0.8366666666666667,1.0,0.6733333333333333,0.8047808764940239,1.0,0.0,0.32666666666666666,300,0,98,202
0.451,0.8366666666666667,1.0,0.6733333333333333,0.8047808764940239,1.0,0.0,0.32666666666666666,300,0,98,202
0.452,0.8366666666666667,1.0,0.6733333333333333,0.8047808764940239,1.0,0.0,0.32666666666666666,300,0,98,202
0.453,0.8366666666666667,1.0,0.6733333333333333,0.8047808764940239,1.0,0.0,0.32666666666666666,300,0,98,202
0.454,0.8366666666666667,1.0,0.6733333333333333,0.8047808764940239,1.0,0.0,0.32666666666666666,300,0,98,202
0.455,0.8366666666666667,1.0,0.6733333333333333,0.8047808764940239,1.0,0.0,0.32666666666666666,300,0,98,202
0.456,0.8366666666666667,1.0,0.6733333333333333,0.8047808764940239,1.0,0.0,0.32666666666666666,300,0,98,202
0.457,0.8366666666666667,1.0,0.6733333333333333,0.8047808764940239,1.0,0.0,0.32666666666666666,300,0,98,202
0.458,0.8366666666666667,1.0,0.6733333333333333,0.8047808764940239,1.0,0.0,0.32666666666666666,300,0,98,202
0.459,0.8366666666666667,1.0,0.6733333333333333,0.8047808764940239,1.0,0.0,0.32666666666666666,300,0,98,202
0.46,0.8366666666666667,1.0,0.6733333333333333,0.8047808764940239,1.0,0.0,0.32666666666666666,300,0,98,202
0.461,0.8366666666666667,1.0,0.6733333333333333,0.8047808764940239,1.0,0.0,0.32666666666666666,300,0,98,202
0.462,0.835,1.0,0.67,0.8023952095808383,1.0,0.0,0.33,300,0,99,201
0.463,0.835,1.0,0.67,0.8023952095808383,1.0,0.0,0.33,300,0,99,201
0.464,0.835,1.0,0.67,0.8023952095808383,1.0,0.0,0.33,300,0,99,201
0.465,0.835,1.0,0.67,0.8023952095808383,1.0,0.0,0.33,300,0,99,201
0.466,0.835,1.0,0.67,0.8023952095808383,1.0,0.0,0.33,300,0,99,201
0.467,0.835,1.0,0.67,0.8023952095808383,1.0,0.0,0.33,300,0,99,201
0.468,0.835,1.0,0.67,0.8023952095808383,1.0,0.0,0.33,300,0,99,201
0.46900000000000003,0.8333333333333334,1.0,0.6666666666666666,0.8,1.0,0.0,0.3333333333333333,300,0,100,200
0.47000000000000003,0.8333333333333334,1.0,0.6666666666666666,0.8,1.0,0.0,0.3333333333333333,300,0,100,200
0.47100000000000003,0.8333333333333334,1.0,0.6666666666666666,0.8,1.0,0.0,0.3333333333333333,300,0,100,200
0.47200000000000003,0.8333333333333334,1.0,0.6666666666666666,0.8,1.0,0.0,0.3333333333333333,300,0,100,200
0.47300000000000003,0.8333333333333334,1.0,0.6666666666666666,0.8,1.0,0.0,0.3333333333333333,300,0,100,200
0.47400000000000003,0.8333333333333334,1.0,0.6666666666666666,0.8,1.0,0.0,0.3333333333333333,300,0,100,200
0.47500000000000003,0.8333333333333334,1.0,0.6666666666666666,0.8,1.0,0.0,0.3333333333333333,300,0,100,200
0.47600000000000003,0.8333333333333334,1.0,0.6666666666666666,0.8,1.0,0.0,0.3333333333333333,300,0,100,200
0.47700000000000004,0.8333333333333334,1.0,0.6666666666666666,0.8,1.0,0.0,0.3333333333333333,300,0,100,200
0.47800000000000004,0.8316666666666667,1.0,0.6633333333333333,0.7975951903807615,1.0,0.0,0.33666666666666667,300,0,101,199
0.47900000000000004,0.8316666666666667,1.0,0.6633333333333333,0.7975951903807615,1.0,0.0,0.33666666666666667,300,0,101,199
0.48000000000000004,0.8316666666666667,1.0,0.6633333333333333,0.7975951903807615,1.0,0.0,0.33666666666666667,300,0,101,199
0.481,0.8316666666666667,1.0,0.6633333333333333,0.7975951903807615,1.0,0.0,0.33666666666666667,300,0,101,199
0.482,0.8316666666666667,1.0,0.6633333333333333,0.7975951903807615,1.0,0.0,0.33666666666666667,300,0,101,199
0.483,0.83,1.0,0.66,0.7951807228915663,1.0,0.0,0.34,300,0,102,198
0.484,0.83,1.0,0.66,0.7951807228915663,1.0,0.0,0.34,300,0,102,198
0.485,0.83,1.0,0.66,0.7951807228915663,1.0,0.0,0.34,300,0,102,198
0.486,0.83,1.0,0.66,0.7951807228915663,1.0,0.0,0.34,300,0,102,198
0.487,0.83,1.0,0.66,0.7951807228915663,1.0,0.0,0.34,300,0,102,198
0.488,0.83,1.0,0.66,0.7951807228915663,1.0,0.0,0.34,300,0,102,198
0.489,0.83,1.0,0.66,0.7951807228915663,1.0,0.0,0.34,300,0,102,198
0.49,0.8283333333333334,1.0,0.6566666666666666,0.7927565392354124,1.0,0.0,0.3433333333333333,300,0,103,197
0.491,0.8283333333333334,1.0,0.6566666666666666,0.7927565392354124,1.0,0.0,0.3433333333333333,300,0,103,197
0.492,0.8283333333333334,1.0,0.6566666666666666,0.7927565392354124,1.0,0.0,0.3433333333333333,300,0,103,197
0.493,0.8283333333333334,1.0,0.6566666666666666,0.7927565392354124,1.0,0.0,0.3433333333333333,300,0,103,197
0.494,0.8283333333333334,1.0,0.6566666666666666,0.7927565392354124,1.0,0.0,0.3433333333333333,300,0,103,197
0.495,0.8283333333333334,1.0,0.6566666666666666,0.7927565392354124,1.0,0.0,0.3433333333333333,300,0,103,197
0.496,0.8283333333333334,1.0,0.6566666666666666,0.7927565392354124,1.0,0.0,0.3433333333333333,300,0,103,197
0.497,0.8283333333333334,1.0,0.6566666666666666,0.7927565392354124,1.0,0.0,0.3433333333333333,300,0,103,197
0.498,0.8283333333333334,1.0,0.6566666666666666,0.7927565392354124,1.0,0.0,0.3433333333333333,300,0,103,197
0.499,0.8283333333333334,1.0,0.6566666666666666,0.7927565392354124,1.0,0.0,0.3433333333333333,300,0,103,197
0.5,0.8283333333333334,1.0,0.6566666666666666,0.7927565392354124,1.0,0.0,0.3433333333333333,300,0,103,197
