dataset_name,capture_batch,label,label_id,resnet18_score
production_nov8,Nov8,normal,0,0.021525714546442032
production_nov8,Nov8,normal,0,0.021525714546442032
production_nov8,Nov8,normal,0,0.0013236494269222021
production_nov8,Nov8,normal,0,0.0006664036773145199
production_nov8,Nov8,normal,0,0.0009139777976088226
production_nov8,Nov8,normal,0,0.00038073345785960555
production_nov8,Nov8,normal,0,0.0011495238868519664
production_nov8,Nov8,normal,0,0.0015696962364017963
production_nov8,Nov8,normal,0,0.0015696962364017963
production_nov8,Nov8,normal,0,0.0005369420978240669
production_nov8,Nov8,normal,0,0.0002779813949018717
production_nov8,Nov8,normal,0,0.0002700089244171977
production_nov8,Nov8,normal,0,0.0002862432156689465
production_nov8,Nov8,normal,0,0.00035457321791909635
production_nov8,Nov8,normal,0,0.000988181447610259
production_nov8,Nov8,normal,0,0.000988181447610259
production_nov8,Nov8,normal,0,0.00042769339052028954
production_nov8,Nov8,normal,0,0.0002487136225681752
production_nov8,Nov8,normal,0,0.00022334819368552417
production_nov8,Nov8,normal,0,0.0002311753632966429
production_nov8,Nov8,normal,0,0.0003596889437176287
production_nov8,Nov8,normal,0,0.0018638410838320851
production_nov8,Nov8,normal,0,0.0018638410838320851
production_nov8,Nov8,normal,0,0.015265845693647861
production_nov8,Nov8,normal,0,0.008401814848184586
production_nov8,Nov8,normal,0,0.009780182503163815
production_nov8,Nov8,normal,0,0.013221205212175846
production_nov8,Nov8,normal,0,0.0008566733449697495
production_nov8,Nov8,normal,0,0.0004746566992253065
production_nov8,Nov8,normal,0,0.0002784079115372151
production_nov8,Nov8,normal,0,0.0004421575285959989
production_nov8,Nov8,normal,0,0.0020469529554247856
production_nov8,Nov8,normal,0,0.0020469529554247856
production_nov8,Nov8,normal,0,0.002554224571213126
production_nov8,Nov8,normal,0,0.0018032437656074762
production_nov8,Nov8,normal,0,0.0013564095133915544
production_nov8,Nov8,normal,0,0.0014827598351985216
production_nov8,Nov8,normal,0,0.0012684374814853072
production_nov8,Nov8,normal,0,0.0008630800875835121
production_nov8,Nov8,normal,0,0.00033862944110296667
production_nov8,Nov8,normal,0,0.0002932290663011372
production_nov8,Nov8,normal,0,0.00021812078193761408
production_nov8,Nov8,normal,0,0.0004201121919322759
production_nov8,Nov8,normal,0,0.0004965123371221125
production_nov8,Nov8,normal,0,0.0005156013066880405
production_nov8,Nov8,normal,0,0.0017441505333408713
production_nov8,Nov8,normal,0,0.0017441505333408713
production_nov8,Nov8,normal,0,0.0005635367706418037
production_nov8,Nov8,normal,0,0.0009335677023045719
production_nov8,Nov8,normal,0,0.001373366336338222
production_nov8,Nov8,normal,0,0.0006415273528546095
production_nov8,Nov8,normal,0,0.00037052101106382906
production_nov8,Nov8,normal,0,0.0012917238054797053
production_nov8,Nov8,normal,0,0.0005282486672513187
production_nov8,Nov8,normal,0,0.00033465898013673723
production_nov8,Nov8,normal,0,0.0006439153803512454
production_nov8,Nov8,normal,0,0.000345005770213902
production_nov8,Nov8,normal,0,0.0003180062340106815
production_nov8,Nov8,normal,0,0.00032790485420264304
production_nov8,Nov8,normal,0,0.0002388020366197452
production_nov8,Nov8,normal,0,0.00038507883436977863
production_nov8,Nov8,normal,0,0.0002483058487996459
production_nov8,Nov8,normal,0,0.0002995823451783508
production_nov8,Nov8,normal,0,0.00036140892188996077
production_nov8,Nov8,normal,0,0.0004369695670902729
production_nov8,Nov8,normal,0,0.011636672541499138
production_nov8,Nov8,normal,0,0.011636672541499138
production_nov8,Nov8,normal,0,0.001456413185223937
production_nov8,Nov8,normal,0,0.0006084698834456503
production_nov8,Nov8,normal,0,0.0019888102542608976
production_nov8,Nov8,normal,0,0.0014389215502887964
production_nov8,Nov8,normal,0,0.0007167048752307892
production_nov8,Nov8,normal,0,0.0019504480296745896
production_nov8,Nov8,normal,0,0.00032282344182021916
production_nov8,Nov8,normal,0,0.00034468327066861093
production_nov8,Nov8,normal,0,0.00034659740049391985
production_nov8,Nov8,normal,0,0.00039000538527034223
production_nov8,Nov8,normal,0,0.0004937044577673078
production_nov8,Nov8,normal,0,0.0005181105807423592
production_nov8,Nov8,normal,0,0.00029390110285021365
production_nov8,Nov8,normal,0,0.00029390110285021365
production_nov8,Nov8,normal,0,0.00032123125856742263
production_nov8,Nov8,normal,0,0.0002994647074956447
production_nov8,Nov8,normal,0,0.00031163086532615125
production_nov8,Nov8,normal,0,0.000250133773079142
production_nov8,Nov8,normal,0,0.00026160627021454275
production_nov8,Nov8,normal,0,0.00047819767496548593
production_nov8,Nov8,normal,0,0.00047819767496548593
production_nov8,Nov8,normal,0,0.00022324432211462408
production_nov8,Nov8,normal,0,0.00025099454796873033
production_nov8,Nov8,normal,0,0.00037561310455203056
production_nov8,Nov8,normal,0,0.0002342671068618074
production_nov8,Nov8,normal,0,0.0003269079024903476
production_nov8,Nov8,normal,0,0.0001910799037432298
production_nov8,Nov8,normal,0,0.00033407690352760255
production_nov8,Nov8,normal,0,0.0004557034990284592
production_nov8,Nov8,normal,0,0.00034353340743109584
production_nov8,Nov8,normal,0,0.00014426854613702744
production_nov8,Nov8,normal,0,0.0001513312745373696
production_nov8,Nov8,normal,0,0.00039395151543430984
production_nov8,Nov8,normal,0,0.0003337092639412731
production_nov8,Nov8,normal,0,0.0002671981055755168
production_nov8,Nov8,normal,0,0.0002225531789008528
production_nov8,Nov8,normal,0,0.0003193137818016112
production_nov8,Nov8,normal,0,0.00022946954413782805
production_nov8,Nov8,normal,0,0.00027761721867136657
production_nov8,Nov8,normal,0,0.00027043174486607313
production_nov8,Nov8,normal,0,0.00013592030154541135
production_nov8,Nov8,normal,0,0.0001861804921645671
production_nov8,Nov8,normal,0,0.00020585818856488913
production_nov8,Nov8,normal,0,0.0002244268689537421
production_nov8,Nov8,normal,0,0.0002355733886361122
production_nov8,Nov8,normal,0,0.0002204190386692062
production_nov8,Nov8,normal,0,0.00021833821665495634
production_nov8,Nov8,normal,0,0.0004539561632554978
production_nov8,Nov8,normal,0,0.0004539561632554978
production_nov8,Nov8,normal,0,0.000209544159588404
production_nov8,Nov8,normal,0,0.0002468957973178476
production_nov8,Nov8,normal,0,0.0002543398877605796
production_nov8,Nov8,normal,0,0.00027653336292132735
production_nov8,Nov8,normal,0,0.00037660717498511076
production_nov8,Nov8,normal,0,0.00038555017090402544
production_nov8,Nov8,normal,0,0.0003394121304154396
production_nov8,Nov8,normal,0,0.00026811755378730595
production_nov8,Nov8,normal,0,0.0004724021127913147
production_nov8,Nov8,normal,0,0.00029952122713439167
production_nov8,Nov8,normal,0,0.0003328507300466299
production_nov8,Nov8,normal,0,0.0008775974274612963
production_nov8,Nov8,normal,0,0.0008775974274612963
production_nov8,Nov8,normal,0,0.0005172748933546245
production_nov8,Nov8,normal,0,0.0004835592699237168
production_nov8,Nov8,normal,0,0.00037583999801427126
production_nov8,Nov8,normal,0,0.0004908237024210393
production_nov8,Nov8,normal,0,0.012498319149017334
production_nov8,Nov8,normal,0,0.012498319149017334
production_nov8,Nov8,normal,0,0.00048564214375801384
production_nov8,Nov8,normal,0,0.0009072933462448418
production_nov8,Nov8,normal,0,0.0007355086854659021
production_nov8,Nov8,normal,0,0.0002942369901575148
production_nov8,Nov8,normal,0,0.0026559047400951385
production_nov8,Nov8,normal,0,0.0026559047400951385
production_nov8,Nov8,normal,0,0.002700228476896882
production_nov8,Nov8,normal,0,0.0014692350523546338
production_nov8,Nov8,normal,0,0.0005662330659106374
production_nov8,Nov8,normal,0,0.0020507252775132656
production_nov8,Nov8,normal,0,0.0004305599723011255
production_nov8,Nov8,normal,0,0.0004305599723011255
production_nov8,Nov8,normal,0,0.0002519836416468024
production_nov8,Nov8,normal,0,0.0003467464121058583
production_nov8,Nov8,normal,0,0.00010677702084649354
production_nov8,Nov8,normal,0,0.0003046458587050438
production_nov8,Nov8,normal,0,0.00011083923163823783
production_nov8,Nov8,normal,0,0.00015345978317782283
production_nov8,Nov8,normal,0,0.00015345978317782283
production_nov8,Nov8,normal,0,0.00035356308217160404
production_nov8,Nov8,normal,0,0.0003469045041128993
production_nov8,Nov8,normal,0,0.000518338056281209
production_nov8,Nov8,normal,0,0.00044565447024069726
production_nov8,Nov8,normal,0,0.0002836398780345917
production_nov8,Nov8,normal,0,0.0004955565091222525
production_nov8,Nov8,normal,0,0.00028175508487038314
production_nov8,Nov8,normal,0,0.0003695023769978434
production_nov8,Nov8,normal,0,0.0003957164299208671
production_nov8,Nov8,normal,0,0.0003263517573941499
production_nov8,Nov8,normal,0,0.00036029997863806784
production_nov8,Nov8,normal,0,0.005862108431756496
production_nov8,Nov8,normal,0,0.006961177568882704
production_nov8,Nov8,normal,0,0.0007347240461967885
production_nov8,Nov8,normal,0,0.0005654254928231239
production_nov8,Nov8,normal,0,0.0005559471319429576
production_nov8,Nov8,normal,0,0.0009029274806380272
production_nov8,Nov8,normal,0,0.0007582623511552811
production_nov8,Nov8,normal,0,0.01195430289953947
production_nov8,Nov8,normal,0,0.0015207286924123764
production_nov8,Nov8,normal,0,0.0011465860297903419
production_nov8,Nov8,normal,0,0.001189039321616292
production_nov8,Nov8,normal,0,0.0023581357672810555
production_nov8,Nov8,normal,0,0.001691667828708887
production_nov8,Nov8,normal,0,0.000938800978474319
production_nov8,Nov8,normal,0,0.0037648596335202456
production_nov8,Nov8,normal,0,0.0005641389288939536
production_nov8,Nov8,normal,0,0.0008515805238857865
production_nov8,Nov8,normal,0,0.0008989970083348453
production_nov8,Nov8,normal,0,0.0010831485269591212
production_nov8,Nov8,normal,0,0.0008027086150832474
production_nov8,Nov8,normal,0,0.0008801131043583155
production_nov8,Nov8,normal,0,0.0004245803283993155
production_nov8,Nov8,normal,0,0.00047521022497676313
production_nov8,Nov8,normal,0,0.0005536499666050076
production_nov8,Nov8,normal,0,0.0007941917865537107
production_nov8,Nov8,normal,0,0.000440282718045637
production_nov8,Nov8,normal,0,0.0006913747638463974
production_nov8,Nov8,normal,0,0.0006450855289585888
production_nov8,Nov8,normal,0,0.00026662449818104506
production_nov8,Nov8,normal,0,0.0002955603995360434
production_nov8,Nov8,normal,0,0.0005222679465077817
production_nov8,Nov8,normal,0,0.0004419578181114048
production_nov8,Nov8,normal,0,0.0005580329452641308
production_nov8,Nov8,normal,0,0.0005500807892531157
production_nov8,Nov8,normal,0,0.0003234611649531871
production_nov8,Nov8,normal,0,0.00028304907027632
production_nov8,Nov8,normal,0,0.0004925401881337166
production_nov8,Nov8,normal,0,0.00047933150199241936
production_nov8,Nov8,normal,0,0.00047127631842158735
production_nov8,Nov8,normal,0,0.001075143227353692
production_nov8,Nov8,normal,0,0.0007260781712830067
production_nov8,Nov8,normal,0,0.0004580628592520952
production_nov8,Nov8,normal,0,0.005239013582468033
production_nov8,Nov8,normal,0,0.00020155996026005596
production_nov8,Nov8,normal,0,0.00011490509496070445
production_nov8,Nov8,normal,0,0.00021449304767884314
production_nov8,Nov8,normal,0,0.000159248651470989
production_nov8,Nov8,normal,0,0.00012541354226414114
production_nov8,Nov8,normal,0,0.0001257387630175799
production_nov8,Nov8,normal,0,0.0015349764144048095
production_nov8,Nov8,normal,0,0.0001127037248807028
production_nov8,Nov8,normal,0,0.00011794573219958693
production_nov8,Nov8,normal,0,7.660699338885024e-05
production_nov8,Nov8,normal,0,0.0001082763701560907
production_nov8,Nov8,normal,0,9.398372640134767e-05
production_nov8,Nov8,normal,0,0.00010421989281894639
production_nov8,Nov8,normal,0,0.02946125529706478
production_nov8,Nov8,normal,0,0.16544145345687866
production_nov8,Nov8,normal,0,0.00038236461114138365
production_nov8,Nov8,normal,0,0.0003566959348972887
production_nov8,Nov8,normal,0,0.0002894275530707091
production_nov8,Nov8,normal,0,0.0006319603999145329
production_nov8,Nov8,normal,0,0.0007465175003744662
production_nov8,Nov8,normal,0,0.0003996999585069716
production_nov8,Nov8,normal,0,0.0002358790661673993
production_nov8,Nov8,normal,0,0.0002578099665697664
production_nov8,Nov8,normal,0,0.0004424889339134097
production_nov8,Nov8,normal,0,0.0006087622023187578
production_nov8,Nov8,normal,0,0.00030777446227148175
production_nov8,Nov8,normal,0,0.0003343707066960633
production_nov8,Nov8,normal,0,0.0001485365064581856
production_nov8,Nov8,normal,0,0.0001477508048992604
production_nov8,Nov8,normal,0,0.00016349712677765638
production_nov8,Nov8,normal,0,0.00012772688933182508
production_nov8,Nov8,normal,0,0.0002653443953022361
production_nov8,Nov8,normal,0,0.0001584937854204327
production_nov8,Nov8,normal,0,0.0001998895313590765
production_nov8,Nov8,normal,0,0.00012611268903128803
production_nov8,Nov8,normal,0,0.0003632022126112133
production_nov8,Nov8,normal,0,0.00066194316605106
production_nov8,Nov8,normal,0,0.0003927772049792111
production_nov8,Nov8,normal,0,0.00032433131127618253
production_nov8,Nov8,normal,0,0.0007064678939059377
production_nov8,Nov8,normal,0,0.0004855921142734587
production_nov8,Nov8,normal,0,0.0006985311629250646
production_nov8,Nov8,normal,0,0.0008565420284867287
production_nov8,Nov8,normal,0,0.000983519246801734
production_nov8,Nov8,normal,0,0.002319425344467163
production_nov8,Nov8,normal,0,0.0007526359986513853
production_nov8,Nov8,normal,0,0.0015016898978501558
production_nov8,Nov8,normal,0,0.0006540499161928892
production_nov8,Nov8,normal,0,0.00030554752447642386
production_nov8,Nov8,normal,0,0.0041510662995278835
production_nov8,Nov8,normal,0,0.012938759289681911
production_nov8,Nov8,normal,0,0.009549914859235287
production_nov8,Nov8,normal,0,0.008675829507410526
production_nov8,Nov8,normal,0,0.0056721908040344715
production_nov8,Nov8,normal,0,0.0009974511340260506
production_nov8,Nov8,normal,0,0.00029823725344613194
production_nov8,Nov8,normal,0,0.0002618837752379477
production_nov8,Nov8,normal,0,0.0001695225655566901
production_nov8,Nov8,normal,0,0.00032643083250150084
production_nov8,Nov8,normal,0,0.0005675146821886301
production_nov8,Nov8,normal,0,0.00029458614881150424
production_nov8,Nov8,normal,0,0.0005068631726317108
production_nov8,Nov8,normal,0,0.00839743111282587
production_nov8,Nov8,normal,0,0.0004482730582822114
production_nov8,Nov8,normal,0,7.86667296779342e-05
production_nov8,Nov8,normal,0,7.111264858394861e-05
production_nov8,Nov8,normal,0,9.875838441075757e-05
production_nov8,Nov8,normal,0,0.0001505984109826386
production_nov8,Nov8,normal,0,9.574567229719833e-05
production_nov8,Nov8,normal,0,0.0003483656910248101
production_nov8,Nov8,normal,0,0.0007113956962712109
production_nov8,Nov8,normal,0,0.0004232273786328733
production_nov8,Nov8,normal,0,0.0005826447741128504
production_nov8,Nov8,normal,0,0.0004835912841372192
production_nov8,Nov8,normal,0,0.0007431671838276088
production_nov8,Nov8,normal,0,0.0010984840337187052
production_nov8,Nov8,normal,0,0.000665584288071841
production_nov8,Nov8,normal,0,0.0006152599235065281
production_nov8,Nov8,normal,0,0.001107475021854043
production_nov8,Nov8,normal,0,0.0004898951156064868
production_nov8,Nov8,normal,0,0.0007433319697156549
production_nov8,Nov8,normal,0,0.0002259437314933166
production_nov8,Nov8,normal,0,0.00045732836588285863
production_nov8,Nov8,normal,0,0.0002681075711734593
production_nov8,Nov8,normal,0,5.835939373355359e-05
production_nov8,Nov8,normal,0,0.00011336380703141913
production_nov8,Nov8,normal,0,0.00014012891915626824
production_nov8,Nov8,normal,0,0.00010543146345298737
production_nov8,Nov8,normal,0,9.257256897399202e-05
production_nov8,Nov8,normal,0,0.0001237497344845906
production_nov8,Nov8,normal,0,0.0006836365209892392
production_nov8,Nov8,normal,0,0.0005163180758245289
production_nov8,Nov8,defective,1,0.9718090295791626
production_nov8,Nov8,defective,1,0.6299912333488464
production_nov8,Nov8,defective,1,0.8080407381057739
production_nov8,Nov8,defective,1,0.8785662055015564
production_nov8,Nov8,defective,1,0.6755771636962891
production_nov8,Nov8,defective,1,0.6723411679267883
production_nov8,Nov8,defective,1,0.6113122701644897
production_nov8,Nov8,defective,1,0.5106706619262695
production_nov8,Nov8,defective,1,0.7868384122848511
production_nov8,Nov8,defective,1,0.8865284323692322
production_nov8,Nov8,defective,1,0.6815540790557861
production_nov8,Nov8,defective,1,0.8718283772468567
production_nov8,Nov8,defective,1,0.7110240459442139
production_nov8,Nov8,defective,1,0.5586727261543274
production_nov8,Nov8,defective,1,0.9995162487030029
production_nov8,Nov8,defective,1,0.9988208413124084
production_nov8,Nov8,defective,1,0.9989751577377319
production_nov8,Nov8,defective,1,0.9932045936584473
production_nov8,Nov8,defective,1,0.998812198638916
production_nov8,Nov8,defective,1,0.9759798049926758
production_nov8,Nov8,defective,1,0.9924412965774536
production_nov8,Nov8,defective,1,0.9989376664161682
production_nov8,Nov8,defective,1,0.9863116145133972
production_nov8,Nov8,defective,1,0.9804396033287048
production_nov8,Nov8,defective,1,0.9775176644325256
production_nov8,Nov8,defective,1,0.9691716432571411
production_nov8,Nov8,defective,1,0.9746744632720947
production_nov8,Nov8,defective,1,0.9969174861907959
production_nov8,Nov8,defective,1,0.9998737573623657
production_nov8,Nov8,defective,1,0.9997245669364929
production_nov8,Nov8,defective,1,0.9998189806938171
production_nov8,Nov8,defective,1,0.9997037053108215
production_nov8,Nov8,defective,1,0.9994165897369385
production_nov8,Nov8,defective,1,0.9998754262924194
production_nov8,Nov8,defective,1,0.9995143413543701
production_nov8,Nov8,defective,1,0.975721538066864
production_nov8,Nov8,defective,1,0.7767193913459778
production_nov8,Nov8,defective,1,0.8808259963989258
production_nov8,Nov8,defective,1,0.6093019247055054
production_nov8,Nov8,defective,1,0.8082607984542847
production_nov8,Nov8,defective,1,0.6035216450691223
production_nov8,Nov8,defective,1,0.5781564116477966
production_nov8,Nov8,defective,1,0.2081698477268219
production_nov8,Nov8,defective,1,0.4420667886734009
production_nov8,Nov8,defective,1,0.7624127864837646
production_nov8,Nov8,defective,1,0.765963613986969
production_nov8,Nov8,defective,1,0.7614009380340576
production_nov8,Nov8,defective,1,0.025776777416467667
production_nov8,Nov8,defective,1,0.07673273235559464
production_nov8,Nov8,defective,1,0.8041421175003052
production_nov8,Nov8,defective,1,0.6930572390556335
production_nov8,Nov8,defective,1,0.14430861175060272
production_nov8,Nov8,defective,1,0.5263018012046814
production_nov8,Nov8,defective,1,0.7060882449150085
production_nov8,Nov8,defective,1,0.24160711467266083
production_nov8,Nov8,defective,1,0.7518405318260193
production_nov8,Nov8,defective,1,0.0789775475859642
production_nov8,Nov8,defective,1,0.09677454829216003
production_nov8,Nov8,defective,1,0.12328963726758957
production_nov8,Nov8,defective,1,0.19615450501441956
production_nov8,Nov8,defective,1,0.030901741236448288
production_nov8,Nov8,defective,1,0.03185935690999031
production_nov8,Nov8,defective,1,0.22045479714870453
production_nov8,Nov8,defective,1,0.01200879830867052
production_nov8,Nov8,defective,1,0.017757095396518707
production_nov8,Nov8,defective,1,0.007398751098662615
production_nov8,Nov8,defective,1,0.009535572491586208
production_nov8,Nov8,defective,1,0.009350207634270191
production_nov8,Nov8,defective,1,0.010816994123160839
production_nov8,Nov8,defective,1,0.007527539972215891
production_nov8,Nov8,defective,1,0.10403638333082199
production_nov8,Nov8,defective,1,0.13482658565044403
production_nov8,Nov8,defective,1,0.5282054543495178
production_nov8,Nov8,defective,1,0.1767786592245102
production_nov8,Nov8,defective,1,0.3929845690727234
production_nov8,Nov8,defective,1,0.8468700647354126
production_nov8,Nov8,defective,1,0.7779603600502014
production_nov8,Nov8,defective,1,0.9998441934585571
production_nov8,Nov8,defective,1,0.9992340803146362
production_nov8,Nov8,defective,1,0.9888343214988708
production_nov8,Nov8,defective,1,0.9860613346099854
production_nov8,Nov8,defective,1,0.9980073571205139
production_nov8,Nov8,defective,1,0.9986100196838379
production_nov8,Nov8,defective,1,0.9962081909179688
production_nov8,Nov8,defective,1,0.9998666048049927
production_nov8,Nov8,defective,1,0.9990888833999634
production_nov8,Nov8,defective,1,0.9976105690002441
production_nov8,Nov8,defective,1,0.9975594282150269
production_nov8,Nov8,defective,1,0.9988335967063904
production_nov8,Nov8,defective,1,0.9952056407928467
production_nov8,Nov8,defective,1,0.9947223663330078
production_nov8,Nov8,defective,1,0.9974594712257385
production_nov8,Nov8,defective,1,0.9981222748756409
production_nov8,Nov8,defective,1,0.9991555213928223
production_nov8,Nov8,defective,1,0.9971025586128235
production_nov8,Nov8,defective,1,0.9970813393592834
production_nov8,Nov8,defective,1,0.9981204867362976
production_nov8,Nov8,defective,1,0.9967272281646729
production_nov8,Nov8,defective,1,0.9950845837593079
production_nov8,Nov8,defective,1,0.9995915293693542
production_nov8,Nov8,defective,1,0.9994520545005798
production_nov8,Nov8,defective,1,0.999397873878479
production_nov8,Nov8,defective,1,0.9992859959602356
production_nov8,Nov8,defective,1,0.9985552430152893
production_nov8,Nov8,defective,1,0.9995762705802917
production_nov8,Nov8,defective,1,0.99527907371521
production_nov8,Nov8,defective,1,0.9890598058700562
production_nov8,Nov8,defective,1,0.9988614320755005
production_nov8,Nov8,defective,1,0.9959329962730408
production_nov8,Nov8,defective,1,0.996350884437561
production_nov8,Nov8,defective,1,0.9898757338523865
production_nov8,Nov8,defective,1,0.9782538414001465
production_nov8,Nov8,defective,1,0.9988124370574951
production_nov8,Nov8,defective,1,0.9975027441978455
production_nov8,Nov8,defective,1,0.996758759021759
production_nov8,Nov8,defective,1,0.9822906851768494
production_nov8,Nov8,defective,1,0.9758312106132507
production_nov8,Nov8,defective,1,0.9826786518096924
production_nov8,Nov8,defective,1,0.9952740669250488
production_nov8,Nov8,defective,1,0.9995166063308716
production_nov8,Nov8,defective,1,0.9958981871604919
production_nov8,Nov8,defective,1,0.9968427419662476
production_nov8,Nov8,defective,1,0.9989081621170044
production_nov8,Nov8,defective,1,0.994714081287384
production_nov8,Nov8,defective,1,0.9958406090736389
production_nov8,Nov8,defective,1,0.9971358776092529
production_nov8,Nov8,defective,1,0.9976946711540222
production_nov8,Nov8,defective,1,0.9978939890861511
production_nov8,Nov8,defective,1,0.9995649456977844
production_nov8,Nov8,defective,1,0.9995521903038025
production_nov8,Nov8,defective,1,0.999512791633606
production_nov8,Nov8,defective,1,0.9992965459823608
production_nov8,Nov8,defective,1,0.9994895458221436
production_nov8,Nov8,defective,1,0.9989826083183289
production_nov8,Nov8,defective,1,0.9996151924133301
production_nov8,Nov8,defective,1,0.9996151924133301
production_nov8,Nov8,defective,1,0.9989707469940186
production_nov8,Nov8,defective,1,0.9993640780448914
production_nov8,Nov8,defective,1,0.9991375207901001
production_nov8,Nov8,defective,1,0.9997875094413757
production_nov8,Nov8,defective,1,0.9981372356414795
production_nov8,Nov8,defective,1,0.9992157220840454
production_nov8,Nov8,defective,1,0.9994741082191467
production_nov8,Nov8,defective,1,0.997769832611084
production_nov8,Nov8,defective,1,0.9995108842849731
production_nov8,Nov8,defective,1,0.999477207660675
production_nov8,Nov8,defective,1,0.9996752738952637
production_nov8,Nov8,defective,1,0.9996092915534973
production_nov8,Nov8,defective,1,0.00030869399779476225
production_nov8,Nov8,defective,1,0.00012509702355600893
production_nov8,Nov8,defective,1,0.00010706036118790507
production_nov8,Nov8,defective,1,0.00023262803733814508
production_nov8,Nov8,defective,1,0.0001141243483289145
production_nov8,Nov8,defective,1,0.00015986482321750373
production_nov8,Nov8,defective,1,0.00018419632397126406
production_nov8,Nov8,defective,1,0.02004360593855381
production_nov8,Nov8,defective,1,0.00786321796476841
production_nov8,Nov8,defective,1,0.006239567883312702
production_nov8,Nov8,defective,1,0.005593703128397465
production_nov8,Nov8,defective,1,0.010305877774953842
production_nov8,Nov8,defective,1,0.0059732673689723015
production_nov8,Nov8,defective,1,0.009452233090996742
production_nov8,Nov8,defective,1,0.010041195899248123
production_nov8,Nov8,defective,1,0.06888613849878311
production_nov8,Nov8,defective,1,0.0032035079784691334
production_nov8,Nov8,defective,1,0.0027898543048650026
production_nov8,Nov8,defective,1,0.0023614373058080673
production_nov8,Nov8,defective,1,0.004329754039645195
production_nov8,Nov8,defective,1,0.003959706053137779
production_nov8,Nov8,defective,1,0.9986838698387146
production_nov8,Nov8,defective,1,0.09433270245790482
production_nov8,Nov8,defective,1,0.4234594404697418
production_nov8,Nov8,defective,1,0.8385812044143677
production_nov8,Nov8,defective,1,0.9249966740608215
production_nov8,Nov8,defective,1,0.5176109075546265
production_nov8,Nov8,defective,1,0.5320719480514526
production_nov8,Nov8,defective,1,0.01607496663928032
production_nov8,Nov8,defective,1,0.03718185797333717
production_nov8,Nov8,defective,1,0.000473452964797616
production_nov8,Nov8,defective,1,0.027465736493468285
production_nov8,Nov8,defective,1,0.0003744513087440282
production_nov8,Nov8,defective,1,0.0004568094154819846
production_nov8,Nov8,defective,1,0.0003270472807344049
production_nov8,Nov8,defective,1,0.9876918196678162
production_nov8,Nov8,defective,1,0.16507525742053986
production_nov8,Nov8,defective,1,0.006020294036716223
production_nov8,Nov8,defective,1,0.04383162409067154
production_nov8,Nov8,defective,1,0.21976612508296967
production_nov8,Nov8,defective,1,0.021108003333210945
production_nov8,Nov8,defective,1,0.03257735073566437
production_nov8,Nov8,defective,1,0.43320342898368835
production_nov8,Nov8,defective,1,0.43320342898368835
production_nov8,Nov8,defective,1,0.4779392182826996
production_nov8,Nov8,defective,1,0.12742486596107483
production_nov8,Nov8,defective,1,0.3252934515476227
production_nov8,Nov8,defective,1,0.015016441233456135
production_nov8,Nov8,defective,1,0.004260651767253876
production_nov8,Nov8,defective,1,0.010711000300943851
production_nov8,Nov8,defective,1,0.0030690666753798723
production_nov8,Nov8,defective,1,0.021984631195664406
production_nov8,Nov8,defective,1,0.021377868950366974
production_nov8,Nov8,defective,1,0.0011381644289940596
production_nov8,Nov8,defective,1,0.020508775487542152
production_nov8,Nov8,defective,1,0.005568374413996935
production_nov8,Nov8,defective,1,0.1807025820016861
production_nov8,Nov8,defective,1,0.04555730149149895
production_nov8,Nov8,defective,1,0.03602680563926697
production_nov8,Nov8,defective,1,0.02507283352315426
production_nov8,Nov8,defective,1,0.03986167535185814
production_nov8,Nov8,defective,1,0.01843363419175148
production_nov8,Nov8,defective,1,0.016587240621447563
production_nov8,Nov8,defective,1,0.9930480122566223
production_nov8,Nov8,defective,1,0.9689527750015259
production_nov8,Nov8,defective,1,0.7664777040481567
production_nov8,Nov8,defective,1,0.9630609750747681
production_nov8,Nov8,defective,1,0.8214043378829956
production_nov8,Nov8,defective,1,0.7192988991737366
production_nov8,Nov8,defective,1,0.9149205088615417
production_nov8,Nov8,defective,1,0.6528757214546204
production_nov8,Nov8,defective,1,0.6956864595413208
production_nov8,Nov8,defective,1,0.6202460527420044
production_nov8,Nov8,defective,1,0.5722634792327881
production_nov8,Nov8,defective,1,0.7323467135429382
production_nov8,Nov8,defective,1,0.5150730013847351
production_nov8,Nov8,defective,1,0.2567777931690216
production_nov8,Nov8,defective,1,0.6285247206687927
production_nov8,Nov8,defective,1,0.3587629199028015
production_nov8,Nov8,defective,1,0.5861122012138367
production_nov8,Nov8,defective,1,0.39668554067611694
production_nov8,Nov8,defective,1,0.3863898813724518
production_nov8,Nov8,defective,1,0.2378896176815033
production_nov8,Nov8,defective,1,0.3452359437942505
production_nov8,Nov8,defective,1,0.976760983467102
production_nov8,Nov8,defective,1,0.9858033657073975
production_nov8,Nov8,defective,1,0.996629536151886
production_nov8,Nov8,defective,1,0.99628084897995
production_nov8,Nov8,defective,1,0.986944854259491
production_nov8,Nov8,defective,1,0.9756264686584473
production_nov8,Nov8,defective,1,0.963878333568573
production_nov8,Nov8,defective,1,0.9998332262039185
production_nov8,Nov8,defective,1,0.9998332262039185
production_nov8,Nov8,defective,1,0.998634397983551
production_nov8,Nov8,defective,1,0.9997342228889465
production_nov8,Nov8,defective,1,0.9997437596321106
production_nov8,Nov8,defective,1,0.9999148845672607
production_nov8,Nov8,defective,1,0.999887228012085
production_nov8,Nov8,defective,1,0.9997913241386414
production_nov8,Nov8,defective,1,0.9999386072158813
production_nov8,Nov8,defective,1,0.9995447993278503
production_nov8,Nov8,defective,1,0.9992191791534424
production_nov8,Nov8,defective,1,0.9998379945755005
production_nov8,Nov8,defective,1,0.9997249245643616
production_nov8,Nov8,defective,1,0.9995261430740356
production_nov8,Nov8,defective,1,0.9999158382415771
production_nov8,Nov8,defective,1,0.9999158382415771
production_nov8,Nov8,defective,1,0.999521017074585
production_nov8,Nov8,defective,1,0.9999899864196777
production_nov8,Nov8,defective,1,0.999847412109375
production_nov8,Nov8,defective,1,0.999790370464325
production_nov8,Nov8,defective,1,0.9999542236328125
production_nov8,Nov8,defective,1,0.8445287942886353
production_nov8,Nov8,defective,1,0.8445287942886353
production_nov8,Nov8,defective,1,0.7897400259971619
production_nov8,Nov8,defective,1,0.5924529433250427
production_nov8,Nov8,defective,1,0.2743571400642395
production_nov8,Nov8,defective,1,0.4116605818271637
production_nov8,Nov8,defective,1,0.5113867521286011
production_nov8,Nov8,defective,1,0.6249718070030212
production_nov8,Nov8,defective,1,0.6249718070030212
production_nov8,Nov8,defective,1,0.30248332023620605
production_nov8,Nov8,defective,1,0.37998947501182556
production_nov8,Nov8,defective,1,0.2687850892543793
production_nov8,Nov8,defective,1,0.2658301591873169
production_nov8,Nov8,defective,1,0.2658301591873169
production_nov8,Nov8,defective,1,0.9954987168312073
production_nov8,Nov8,defective,1,0.9954987168312073
production_nov8,Nov8,defective,1,0.9853203892707825
production_nov8,Nov8,defective,1,0.9689841270446777
production_nov8,Nov8,defective,1,0.9908400177955627
production_nov8,Nov8,defective,1,0.9726911187171936
production_nov8,Nov8,defective,1,0.9919607043266296
production_nov8,Nov8,defective,1,0.9428934454917908
production_nov8,Nov8,defective,1,0.5854214429855347
production_nov8,Nov8,defective,1,0.2942289113998413
production_nov8,Nov8,defective,1,0.3000657558441162
production_nov8,Nov8,defective,1,0.48903030157089233
production_nov8,Nov8,defective,1,0.42025238275527954
production_nov8,Nov8,defective,1,0.6691877245903015
production_nov8,Nov8,defective,1,0.9354329109191895
production_nov8,Nov8,defective,1,0.21865010261535645
production_nov8,Nov8,defective,1,0.946667492389679
production_nov8,Nov8,defective,1,0.46824508905410767
production_nov8,Nov8,defective,1,0.5341472029685974
production_nov8,Nov8,defective,1,0.4619337320327759
production_nov8,Nov8,defective,1,0.26495885848999023
production_nov8,Nov8,defective,1,0.482880175113678
production_nov8,Nov8,defective,1,0.5557670593261719
production_nov8,Nov8,defective,1,0.5208748579025269
production_nov8,Nov8,defective,1,0.5894291400909424
production_nov8,Nov8,defective,1,0.5815378427505493
